,/intelcpu/0/load/1,/intelcpu/0/load/2,/intelcpu/0/load/3,/intelcpu/0/load/4,/intelcpu/0/load/0,/ram/load/0,/ram/data/0,/ram/data/1,/nvidiagpu/0/temperature/0,/nvidiagpu/0/clock/0,/nvidiagpu/0/clock/1,/nvidiagpu/0/clock/2,/nvidiagpu/0/load/0,/nvidiagpu/0/load/1,/nvidiagpu/0/load/2,/nvidiagpu/0/smalldata/3,/nvidiagpu/0/smalldata/2,/nvidiagpu/0/smalldata/1,/nvidiagpu/0/load/3,/hdd/0/temperature/0,/hdd/0/data/1,/hdd/0/data/2,/hdd/0/load/0,/hdd/1/temperature/0,/hdd/1/load/0
Time,"CPU Core #1","CPU Core #2","CPU Core #3","CPU Core #4","CPU Total","Memory","Used Memory","Available Memory","GPU Core","GPU Core","GPU Memory","GPU Shader","GPU Core","GPU Memory Controller","GPU Video Engine","GPU Memory Total","GPU Memory Used","GPU Memory Free","GPU Memory","Temperature","Host Writes to Controller","Host Reads","Used Space","Temperature","Used Space"
12/11/2018 08:32:10,39.9999962,39.9999962,12,10.0000019,25.4999943,76.964325,6.07057953,1.81694412,22,139,405.000031,278,0,0,0,4096,80.44141,4015.55859,1.96390152,34,14102,2031,92.8000946,32,55.2619171
12/11/2018 08:32:11,60.21021,50.6006,53.4534531,58.25826,55.63064,79.54787,6.274357,1.61316681,23,139,405.000031,278,0,0,0,4096,80.44141,4015.55859,1.96390152,34,14102,2031,92.8000946,32,55.2619171
12/11/2018 08:32:12,70.4545441,71.59091,61.363636,56.81818,65.0568161,79.26479,6.25202942,1.63549423,23,139,405.000031,278,0,0,0,4096,80.44141,4015.55859,1.96390152,34,14102,2031,92.8000946,32,55.2619171
12/11/2018 08:32:12,49.1666679,58.3333321,45.8333321,34.16667,46.875,78.70431,6.207821,1.67970276,23,139,405.000031,278,0,0,0,4096,80.44141,4015.55859,1.96390152,34,14102,2031,92.8000946,32,55.2619171
12/11/2018 08:32:13,60.15625,57.03125,68.75,64.84375,62.6953125,79.58772,6.2775,1.6100235,24,1354.00012,3504.00024,2708.00024,1,0,0,4096,87.984375,4008.01563,2.148056,34,14102,2031,92.8000946,32,55.2619171
12/11/2018 08:32:14,90.625,87.5,93.75,96.875,92.1875,81.89655,6.45961,1.42791367,25,1354.00012,3504.00024,2708.00024,0,0,0,4096,87.984375,4008.01563,2.148056,34,14102,2031,92.8000946,32,55.2619171
12/11/2018 08:32:15,63.8461533,69.2307739,54.6153831,68.46154,64.03846,81.08056,6.39524841,1.49227524,26,1354.00012,3504.00024,2708.00024,0,0,0,4096,87.984375,4008.01563,2.148056,34,14102,2031,92.8000946,32,55.2619171
12/11/2018 08:32:16,100,100,100,99.2063446,99.80159,82.87998,6.537178,1.35034561,26,139,405.000031,278,0,0,0,4096,87.984375,4008.01563,2.148056,34,14102,2031,92.8000946,32,55.2619171
12/11/2018 08:32:17,87.5,90.625,83.59375,86.71875,87.109375,82.3585739,6.496052,1.39147186,26,139,405.000031,278,0,0,0,4096,87.984375,4008.01563,2.148056,34,14102,2031,92.8000946,32,55.2619171
12/11/2018 08:32:18,62.5,63.28125,49.21875,42.96875,54.4921875,82.42338,6.50116348,1.38636017,26,139,405.000031,278,0,0,0,4096,87.984375,4008.01563,2.148056,34,14102,2031,92.8000946,32,55.2619171
12/11/2018 08:32:20,54.6052628,54.6052628,38.15789,37.5,46.2171021,82.0710449,6.47337341,1.41415024,26,139,405.000031,278,0,0,0,4096,87.984375,4008.01563,2.148056,24,14102,2031,92.7994843,20,55.2619171
12/11/2018 08:32:20,63.4615364,84.61539,76.92308,68.2692261,73.31731,82.13155,6.4781456,1.409378,26,139,405.000031,278,0,0,0,4096,87.984375,4008.01563,2.148056,24,14102,2031,92.7994843,20,55.2619171
12/11/2018 08:32:21,65.625,84.375,82.03125,75,76.75781,81.4355,6.42324448,1.46427917,27,139,405.000031,278,0,0,0,4096,87.984375,4008.01563,2.148056,24,14102,2031,92.7994843,20,55.2619171
12/11/2018 08:32:22,60.9375,60.9375,55.46875,57.03125,58.59375,81.17825,6.402954,1.48456955,27,139,405.000031,278,0,0,0,4096,87.984375,4008.01563,2.148056,24,14102,2031,92.7994843,20,55.2619171
12/11/2018 08:32:23,53.90625,67.96875,55.46875,57.8125,58.7890625,80.6627,6.36228943,1.52523422,27,139,405.000031,278,0,0,0,4096,87.984375,4008.01563,2.148056,24,14102,2031,92.7994843,20,55.2619171
12/11/2018 08:32:24,62.5,68.75,60.9375,50.78125,60.7421875,81.4831848,6.427006,1.46051788,27,139,405.000031,278,0,0,0,4096,75,4021,1.83105469,24,14102,2031,92.7994843,20,55.2619171
12/11/2018 08:32:25,43.75,66.40625,46.875,44.53125,50.390625,80.91796,6.3824234,1.50510025,28,139,405.000031,278,0,0,0,4096,75,4021,1.83105469,24,14102,2031,92.7994843,20,55.2619171
12/11/2018 08:32:26,51.5625,51.5625,39.84375,57.8125,50.1953125,80.80827,6.37377167,1.513752,28,139,405.000031,278,0,0,0,4096,75,4021,1.83105469,24,14102,2031,92.7994843,20,55.2619171
12/11/2018 08:32:27,62.5,67.96875,50.78125,57.03125,59.5703125,81.1182861,6.398224,1.48929977,28,139,405.000031,278,0,0,0,4096,75,4021,1.83105469,24,14102,2031,92.7994843,20,55.2619171
12/11/2018 08:32:28,25.78125,28.125,33.59375,23.4375,27.734375,81.21259,6.40566254,1.48186111,28,139,405.000031,278,0,0,0,4096,75,4021,1.83105469,24,14102,2031,92.7994843,20,55.2619171
12/11/2018 08:32:29,32.8125,22.65625,44.53125,14.0625,28.515625,81.36644,6.417797,1.46972656,28,139,405.000031,278,0,0,0,4096,75,4021,1.83105469,24,14102,2031,92.7994843,20,55.2619171
12/11/2018 08:32:30,35.9375,32.03125,19.53125,32.8125,30.078125,81.3424,6.415901,1.47162247,29,139,405.000031,278,0,0,0,4096,75,4021,1.83105469,24,14102,2031,92.7994843,20,55.2619171
12/11/2018 08:32:32,45.5128174,39.1025658,30.1282043,24.3589764,34.7756462,81.3541,6.41682434,1.47069931,29,139,405.000031,278,0,0,0,4096,75,4021,1.83105469,24,14102,2031,92.7994843,20,55.2619171
12/11/2018 08:32:32,29.0000019,55,12,15.9999962,27.9999962,81.35425,6.416836,1.47068787,29,139,405.000031,278,0,0,0,4096,75,4021,1.83105469,24,14102,2031,92.7994843,20,55.2619171
12/11/2018 08:32:33,39.0625,44.53125,16.40625,36.71875,34.1796875,81.67224,6.44191742,1.44560623,29,139,405.000031,278,0,0,0,4096,75,4021,1.83105469,24,14102,2031,92.7994843,20,55.2619171
12/11/2018 08:32:34,57.03125,71.09375,44.53125,58.59375,57.8125,82.5771255,6.51329041,1.37423325,29,139,405.000031,278,0,0,0,4096,75,4021,1.83105469,24,14102,2031,92.7994843,20,55.2619171
12/11/2018 08:32:35,63.28125,64.84375,74.21875,55.46875,64.453125,82.87186,6.536537,1.35098648,29,139,405.000031,278,0,0,0,4096,75,4021,1.83105469,24,14102,2031,92.7994843,20,55.2619171
12/11/2018 08:32:36,72.65625,64.84375,72.65625,54.6875,66.21094,82.855896,6.53527832,1.35224533,30,139,405.000031,278,0,0,0,4096,75,4021,1.83105469,24,14102,2031,92.7994843,20,55.2619171
12/11/2018 08:32:38,57.63359,45.03817,34.3511467,28.2442741,41.3167953,82.43068,6.5017395,1.38578415,30,139,405.000031,278,0,0,0,4096,75,4021,1.83105469,24,14102,2031,92.7994843,20,55.2619171
12/11/2018 08:32:39,47.5806465,46.77419,35.48387,41.93548,42.9435425,82.40375,6.49961472,1.38790894,30,139,405.000031,278,0,0,0,4096,75,4021,1.83105469,24,14102,2031,92.7994843,20,55.2619171
12/11/2018 08:32:40,31.4516125,25.80645,41.1290359,11.2903233,27.4193535,82.33681,6.494335,1.39318848,30,139,405.000031,278,0,0,0,4096,75,4021,1.83105469,24,14102,2031,92.7994843,20,55.2619171
12/11/2018 08:32:41,46.875,51.5625,36.71875,27.34375,40.625,82.29928,6.491375,1.39614868,30,139,405.000031,278,0,0,0,4096,75,4021,1.83105469,24,14102,2031,92.7994843,20,55.2619171
12/11/2018 08:32:42,32.03125,55.46875,17.96875,17.96875,30.859375,82.30943,6.492176,1.3953476,30,139,405.000031,278,0,0,0,4096,75,4021,1.83105469,24,14102,2031,92.7994843,20,55.2619171
12/11/2018 08:32:43,38.28125,55.46875,14.0625,17.96875,31.4453125,82.25531,6.48790741,1.39961624,31,139,405.000031,278,0,0,0,4096,75,4021,1.83105469,24,14102,2031,92.7994843,20,55.2619171
12/11/2018 08:32:44,42.1875,64.0625,32.03125,33.59375,42.96875,82.26813,6.4889183,1.39860535,31,139,405.000031,278,0,0,0,4096,75,4021,1.83105469,24,14102,2031,92.7994843,20,55.2619171
12/11/2018 08:32:45,33.59375,57.8125,14.84375,20.3125,31.640625,82.30184,6.491577,1.3959465,31,139,405.000031,278,0,0,0,4096,75,4021,1.83105469,24,14102,2031,92.7994843,20,55.2619171
12/11/2018 08:32:46,27.34375,46.09375,7.03125,9.375,22.4609375,82.29579,6.49110031,1.39642334,31,139,405.000031,278,0,0,0,4096,75,4021,1.83105469,24,14102,2031,92.7994843,20,55.2619171
12/11/2018 08:32:48,48.484848,39.89899,30.3751831,32.8282852,37.8968239,82.2025,6.48374176,1.40378189,31,139,405.000031,278,0,0,0,4096,75,4021,1.83105469,24,14102,2031,92.7994843,20,55.2619171
12/11/2018 08:32:49,7.8125,3.125,5.46875,10.9375,6.8359375,82.05325,6.4719696,1.415554,31,139,405.000031,278,0,0,0,4096,75,4021,1.83105469,26,14102,2032,94.00152,20,55.2619171
12/11/2018 08:32:50,14.84375,19.53125,11.71875,16.40625,15.625,82.01984,6.46933365,1.41819,31,139,405.000031,278,0,0,0,4096,75,4021,1.83105469,26,14102,2032,94.00152,20,55.2619171
12/11/2018 08:32:51,20.3125,16.40625,14.0625,9.375,15.0390625,82.4086761,6.500004,1.38751984,31,139,405.000031,278,0,0,0,4096,75,4021,1.83105469,26,14102,2032,94.00152,20,55.2619171
12/11/2018 08:32:52,37.5,31.25,25.78125,29.6875,31.0546875,82.59565,6.51475143,1.37277222,31,139,405.000031,278,0,0,0,4096,75,4021,1.83105469,26,14102,2032,94.00152,20,55.2619171
12/11/2018 08:32:53,42.96875,46.09375,42.1875,44.53125,43.9453125,82.66704,6.520382,1.36714172,31,139,405.000031,278,0,0,0,4096,75,4021,1.83105469,26,14102,2032,94.00152,20,55.2619171
12/11/2018 08:32:54,54.6875,58.59375,50.78125,59.375,55.859375,82.90068,6.53881073,1.34871292,32,139,405.000031,278,0,0,0,4096,75,4021,1.83105469,26,14102,2032,94.00152,20,55.2619171
12/11/2018 08:32:55,53.90625,57.03125,45.3125,56.25,53.125,83.14163,6.55781555,1.3297081,32,139,405.000031,278,0,0,0,4096,75,4021,1.83105469,26,14102,2032,94.00152,20,55.2619171
12/11/2018 08:32:56,36.71875,46.09375,42.96875,46.875,43.1640625,83.28957,6.56948471,1.318039,32,139,405.000031,278,0,0,0,4096,75,4021,1.83105469,26,14102,2032,94.00152,20,55.2619171
12/11/2018 08:32:57,53.125,49.21875,55.46875,53.125,52.734375,83.68645,6.600788,1.28673553,32,139,405.000031,278,0,0,0,4096,75,4021,1.83105469,26,14102,2032,94.00152,20,55.2619171
12/11/2018 08:32:58,61.71875,57.8125,60.15625,58.59375,59.5703125,84.63244,6.67540359,1.21212,32,139,405.000031,278,0,0,0,4096,75,4021,1.83105469,26,14102,2032,94.00152,20,55.2619171
12/11/2018 08:32:59,48.4375,56.25,46.09375,64.0625,53.7109375,84.9868,6.703354,1.18416977,33,139,405.000031,278,0,0,0,4096,75,4021,1.83105469,26,14102,2032,94.00152,20,55.2619171
12/11/2018 08:33:00,39.84375,28.90625,28.125,26.5625,30.859375,83.73171,6.60435867,1.283165,33,139,405.000031,278,0,0,0,4096,75,4021,1.83105469,26,14102,2032,94.00152,20,55.2619171
12/11/2018 08:33:01,14.0625,19.53125,14.84375,10.9375,14.84375,83.3652649,6.57545471,1.31206894,33,139,405.000031,278,0,0,0,4096,75,4021,1.83105469,26,14102,2032,94.00152,20,55.2619171
12/11/2018 08:33:02,10.9375,6.25,8.59375,11.71875,9.375,83.3316956,6.57280731,1.31471634,33,139,405.000031,278,0,0,0,4096,75,4021,1.83105469,26,14102,2032,94.00152,20,55.2619171
12/11/2018 08:33:03,42.1875,39.0625,34.375,38.28125,38.4765625,83.63165,6.596466,1.29105759,33,139,405.000031,278,0,0,0,4096,75,4021,1.83105469,26,14102,2032,94.00152,20,55.2619171
12/11/2018 08:33:04,19.53125,16.40625,17.1875,14.84375,16.9921875,83.52888,6.58836,1.29916382,33,139,405.000031,278,0,0,0,4096,75,4021,1.83105469,26,14102,2032,94.00152,20,55.2619171
12/11/2018 08:33:05,28.125,21.09375,26.5625,26.5625,25.5859375,83.64108,6.59721,1.29031372,33,139,405.000031,278,0,0,0,4096,75,4021,1.83105469,26,14102,2032,94.00152,20,55.2619171
12/11/2018 08:33:06,26.5625,28.125,17.1875,28.90625,25.1953125,83.43669,6.581089,1.30643463,33,139,405.000031,278,0,0,0,4096,75,4021,1.83105469,26,14102,2032,94.00152,20,55.2619171
12/11/2018 08:33:07,39.0625,45.3125,32.03125,39.84375,39.0625,83.40961,6.578953,1.30857086,33,139,405.000031,278,0,0,0,4096,75,4021,1.83105469,26,14102,2032,94.00152,20,55.2619171
12/11/2018 08:33:08,32.8125,42.96875,38.28125,32.03125,36.5234375,83.66981,6.599476,1.28804779,33,139,405.000031,278,0,0,0,4096,75,4021,1.83105469,26,14102,2032,94.00152,20,55.2619171
12/11/2018 08:33:09,11.71875,17.1875,16.40625,12.5,14.453125,83.70729,6.60243225,1.2850914,33,139,405.000031,278,0,0,0,4096,75,4021,1.83105469,26,14102,2032,94.00152,20,55.2619171
12/11/2018 08:33:10,17.1875,25,23.4375,21.09375,21.6796875,83.62967,6.59630966,1.291214,33,139,405.000031,278,0,0,0,4096,75,4021,1.83105469,26,14102,2032,94.00152,20,55.2619171
12/11/2018 08:33:11,6.25,12.5,10.9375,8.59375,9.5703125,83.53903,6.589161,1.29836273,33,139,405.000031,278,0,0,0,4096,75,4021,1.83105469,26,14102,2032,94.00152,20,55.2619171
12/11/2018 08:33:12,9.375,10.9375,7.03125,6.25,8.3984375,83.56607,6.59129333,1.29623032,33,139,405.000031,278,0,0,0,4096,75,4021,1.83105469,26,14102,2032,94.00152,20,55.2619171
12/11/2018 08:33:13,26.5625,17.1875,25,18.75,21.875,83.94379,6.621086,1.26643753,33,139,405.000031,278,0,0,0,4096,75,4021,1.83105469,26,14102,2032,94.00152,20,55.2619171
12/11/2018 08:33:14,37.5,42.1875,35.9375,39.84375,38.8671875,82.9637,6.54378128,1.34374237,33,139,405.000031,278,0,0,0,4096,75,4021,1.83105469,26,14102,2032,94.00152,20,55.2619171
12/11/2018 08:33:15,42.96875,36.71875,39.0625,42.1875,40.234375,82.19979,6.483528,1.40399551,34,139,405.000031,278,0,0,0,4096,75,4021,1.83105469,26,14102,2032,94.00152,20,55.2619171
12/11/2018 08:33:16,42.1875,39.0625,35.9375,53.125,42.578125,82.46425,6.504387,1.38313675,34,139,405.000031,278,0,0,0,4096,75,4021,1.83105469,26,14102,2032,94.00152,20,55.2619171
12/11/2018 08:33:17,53.90625,64.0625,50,66.40625,58.59375,82.54666,6.510887,1.37663651,34,139,405.000031,278,0,0,0,4096,75,4021,1.83105469,26,14102,2032,94.00152,20,55.2619171
12/11/2018 08:33:18,57.03125,53.90625,49.21875,50,52.5390625,82.85527,6.53522873,1.35229492,34,139,405.000031,278,0,0,0,4096,75,4021,1.83105469,26,14102,2032,94.00152,20,55.2619171
12/11/2018 08:33:19,31.25,37.5,26.5625,22.65625,29.4921875,83.04079,6.549862,1.33766174,34,139,405.000031,278,0,0,0,4096,75,4021,1.83105469,28,14103,2032,93.98084,21,55.2619171
12/11/2018 08:33:20,15.625,12.5,16.40625,14.84375,14.84375,83.03639,6.549515,1.33800888,34,139,405.000031,278,0,0,0,4096,75,4021,1.83105469,28,14103,2032,93.98084,21,55.2619171
12/11/2018 08:33:21,32.8125,28.90625,21.09375,34.375,29.296875,83.7972946,6.6095314,1.27799225,34,139,405.000031,278,0,0,0,4096,75,4021,1.83105469,28,14103,2032,93.98084,21,55.2619171
12/11/2018 08:33:22,33.59375,28.125,25.78125,35.9375,30.859375,82.98667,6.54559326,1.34193039,34,139,405.000031,278,0,0,0,4096,75,4021,1.83105469,28,14103,2032,93.98084,21,55.2619171
12/11/2018 08:33:23,31.25,38.28125,28.90625,38.28125,34.1796875,83.46107,6.58301163,1.304512,34,139,405.000031,278,0,0,0,4096,75,4021,1.83105469,28,14103,2032,93.98084,21,55.2619171
12/11/2018 08:33:24,46.09375,42.96875,40.625,53.125,45.703125,83.77258,6.607582,1.27994156,35,139,405.000031,278,0,0,0,4096,75,4021,1.83105469,28,14103,2032,93.98084,21,55.2619171
12/11/2018 08:33:25,46.09375,43.75,37.5,39.0625,41.6015625,83.6651154,6.599106,1.28841782,35,139,405.000031,278,0,0,0,4096,75,4021,1.83105469,28,14103,2032,93.98084,21,55.2619171
12/11/2018 08:33:26,21.875,15.625,16.40625,15.625,17.3828125,83.3764343,6.576336,1.31118774,35,139,405.000031,278,0,0,0,4096,75,4021,1.83105469,28,14103,2032,93.98084,21,55.2619171
12/11/2018 08:33:27,25.78125,30.46875,14.84375,25.78125,24.21875,83.4529953,6.58237457,1.30514908,35,139,405.000031,278,0,0,0,4096,75,4021,1.83105469,28,14103,2032,93.98084,21,55.2619171
12/11/2018 08:33:28,23.4375,17.1875,19.53125,21.09375,20.3125,84.22101,6.642952,1.24457169,35,139,405.000031,278,0,0,0,4096,75,4021,1.83105469,28,14103,2032,93.98084,21,55.2619171
12/11/2018 08:33:29,23.4375,22.65625,22.65625,23.4375,23.046875,84.31537,6.65039444,1.23712921,35,139,405.000031,278,0,0,0,4096,75,4021,1.83105469,28,14103,2032,93.98084,21,55.2619171
12/11/2018 08:33:30,38.28125,33.59375,31.25,39.84375,35.7421875,84.31333,6.650234,1.23728943,35,139,405.000031,278,0,0,0,4096,75,4021,1.83105469,28,14103,2032,93.98084,21,55.2619171
12/11/2018 08:33:31,14.0625,11.71875,17.96875,14.84375,14.6484375,84.13642,6.63628,1.25124359,35,139,405.000031,278,0,0,0,4096,75,4021,1.83105469,28,14103,2032,93.98084,21,55.2619171
12/11/2018 08:33:32,10.9375,6.25,10.15625,11.71875,9.765625,84.0136261,6.62659454,1.26092911,35,139,405.000031,278,0,0,0,4096,75,4021,1.83105469,28,14103,2032,93.98084,21,55.2619171
12/11/2018 08:33:33,13.28125,7.03125,3.90625,10.9375,8.7890625,84.0292,6.627823,1.25970078,35,139,405.000031,278,0,0,0,4096,75,4021,1.83105469,28,14103,2032,93.98084,21,55.2619171
12/11/2018 08:33:34,11.71875,15.625,7.8125,11.71875,11.71875,83.99868,6.625416,1.26210785,35,139,405.000031,278,0,0,0,4096,75,4021,1.83105469,28,14103,2032,93.98084,21,55.2619171
12/11/2018 08:33:35,15.625,17.1875,7.03125,14.84375,13.671875,83.89025,6.61686325,1.2706604,35,139,405.000031,278,0,0,0,4096,75,4021,1.83105469,28,14103,2032,93.98084,21,55.2619171
12/11/2018 08:33:36,13.28125,11.71875,6.25,16.40625,11.9140625,83.79318,6.609207,1.2783165,35,139,405.000031,278,3,1,0,4096,85.62891,4010.371,2.09054947,28,14103,2032,93.98084,21,55.2619171
12/11/2018 08:33:37,29.6875,24.21875,21.875,23.4375,24.8046875,83.6912842,6.60116959,1.28635406,35,139,405.000031,278,0,0,0,4096,85.62891,4010.371,2.09054947,28,14103,2032,93.98084,21,55.2619171
12/11/2018 08:33:38,16.40625,15.625,21.09375,24.21875,19.3359375,84.09904,6.6333313,1.25419235,35,139,405.000031,278,0,0,0,4096,85.62891,4010.371,2.09054947,28,14103,2032,93.98084,21,55.2619171
12/11/2018 08:33:39,20.3125,8.59375,10.15625,18.75,14.453125,83.97658,6.62367249,1.26385117,35,139,405.000031,278,0,0,0,4096,85.62891,4010.371,2.09054947,28,14103,2032,93.98084,21,55.2619171
12/11/2018 08:33:40,15.625,7.8125,11.71875,16.40625,12.890625,83.894165,6.61717224,1.27035141,35,139,405.000031,278,0,0,0,4096,85.62891,4010.371,2.09054947,28,14103,2032,93.98084,21,55.2619171
12/11/2018 08:33:41,38.28125,32.03125,40.625,44.53125,38.8671875,84.25723,6.645809,1.24171448,35,139,405.000031,278,0,0,0,4096,85.62891,4010.371,2.09054947,28,14103,2032,93.98084,21,55.2619171
12/11/2018 08:33:42,18.75,7.03125,10.15625,17.96875,13.4765625,84.20118,6.641388,1.24613571,35,139,405.000031,278,0,0,0,4096,85.62891,4010.371,2.09054947,28,14103,2032,93.98084,21,55.2619171
12/11/2018 08:33:43,10.9375,6.25,14.0625,10.15625,10.3515625,84.08196,6.63198471,1.255539,35,139,405.000031,278,0,0,0,4096,85.62891,4010.371,2.09054947,28,14103,2032,93.98084,21,55.2619171
12/11/2018 08:33:44,17.96875,17.1875,15.625,18.75,17.3828125,83.48776,6.58511734,1.30240631,35,139,405.000031,278,0,0,0,4096,85.62891,4010.371,2.09054947,28,14103,2032,93.98084,21,55.2619171
12/11/2018 08:33:45,17.1875,10.15625,12.5,17.96875,14.453125,83.44801,6.58198166,1.305542,36,139,405.000031,278,0,0,0,4096,85.62891,4010.371,2.09054947,28,14103,2032,93.98084,21,55.2619171
12/11/2018 08:33:46,18.75,9.375,9.375,15.625,13.28125,83.38925,6.577347,1.31017685,36,139,405.000031,278,0,0,0,4096,75.55469,4020.44531,1.84459686,28,14103,2032,93.98084,21,55.2619171
12/11/2018 08:33:47,14.84375,18.0555573,15.625,14.84375,15.8420143,83.3686447,6.57572174,1.31180191,36,139,405.000031,278,0,0,0,4096,75,4021,1.83105469,28,14103,2032,93.98084,21,55.2619171
12/11/2018 08:33:48,14.0625,8.545673,7.03125,13.28125,10.7301712,83.32802,6.5725174,1.31500626,36,139,405.000031,278,0,0,0,4096,75,4021,1.83105469,28,14103,2032,93.98084,21,55.2619171
12/11/2018 08:33:49,14.84375,7.8125,11.71875,15.625,12.5,83.3943253,6.57774734,1.30977631,36,139,405.000031,278,0,0,0,4096,75,4021,1.83105469,29,14103,2032,93.9427,21,55.2619171
12/11/2018 08:33:50,18.75,14.84375,11.71875,16.40625,15.4296875,83.29808,6.570156,1.31736755,36,139,405.000031,278,0,0,0,4096,75,4021,1.83105469,29,14103,2032,93.9427,21,55.2619171
12/11/2018 08:33:51,21.875,17.96875,16.40625,21.09375,19.3359375,83.28957,6.56948471,1.318039,36,139,405.000031,278,0,0,0,4096,75,4021,1.83105469,29,14103,2032,93.9427,21,55.2619171
12/11/2018 08:33:52,13.28125,7.03125,14.0625,17.1875,12.890625,83.19957,6.56238556,1.32513809,36,139,405.000031,278,0,0,0,4096,75,4021,1.83105469,29,14103,2032,93.9427,21,55.2619171
12/11/2018 08:33:53,14.84375,6.25,8.59375,10.15625,9.9609375,83.28241,6.56892,1.31860352,36,139,405.000031,278,0,0,0,4096,75,4021,1.83105469,29,14103,2032,93.9427,21,55.2619171
12/11/2018 08:33:54,13.28125,10.9375,14.0625,10.15625,12.109375,83.24295,6.56580734,1.32171631,36,139,405.000031,278,0,0,0,4096,75,4021,1.83105469,29,14103,2032,93.9427,21,55.2619171
12/11/2018 08:33:55,18.75,16.40625,9.375,7.8125,13.0859375,83.18723,6.561413,1.32611084,36,139,405.000031,278,0,0,0,4096,75,4021,1.83105469,29,14103,2032,93.9427,21,55.2619171
12/11/2018 08:33:56,13.28125,10.15625,9.375,14.84375,11.9140625,83.08083,6.55302048,1.33450317,36,139,405.000031,278,0,0,0,4096,75,4021,1.83105469,29,14103,2032,93.9427,21,55.2619171
12/11/2018 08:33:57,19.53125,15.625,10.15625,10.15625,13.8671875,83.2033844,6.562687,1.32483673,36,139,405.000031,278,0,0,0,4096,75,4021,1.83105469,29,14103,2032,93.9427,21,55.2619171
12/11/2018 08:33:58,12.5,11.71875,7.03125,10.9375,10.546875,83.1556549,6.558922,1.32860184,36,139,405.000031,278,0,0,0,4096,75,4021,1.83105469,29,14103,2032,93.9427,21,55.2619171
12/11/2018 08:33:59,13.28125,11.71875,15.625,15.625,14.0625,83.33914,6.573395,1.31412888,36,139,405.000031,278,0,0,0,4096,75,4021,1.83105469,29,14103,2032,93.9427,21,55.2619171
12/11/2018 08:34:00,19.53125,9.375,13.28125,16.40625,14.6484375,83.3069839,6.570858,1.31666565,36,139,405.000031,278,0,0,0,4096,75,4021,1.83105469,29,14103,2032,93.9427,21,55.2619171
12/11/2018 08:34:01,12.5,9.375,10.15625,16.40625,12.109375,83.34708,6.57402039,1.31350327,36,139,405.000031,278,0,0,0,4096,75,4021,1.83105469,29,14103,2032,93.9427,21,55.2619171
12/11/2018 08:34:02,10.15625,14.0625,4.6875,13.28125,10.546875,83.36821,6.57568741,1.31183624,36,139,405.000031,278,0,0,0,4096,75,4021,1.83105469,29,14103,2032,93.9427,21,55.2619171
12/11/2018 08:34:03,16.40625,10.9375,10.9375,18.75,14.2578125,83.2725,6.568138,1.31938553,36,139,405.000031,278,0,0,0,4096,75,4021,1.83105469,29,14103,2032,93.9427,21,55.2619171
12/11/2018 08:34:04,12.5,10.15625,6.25,13.28125,10.546875,83.39767,6.57801056,1.30951309,36,139,405.000031,278,0,0,0,4096,75,4021,1.83105469,29,14103,2032,93.9427,21,55.2619171
12/11/2018 08:34:05,15.625,18.75,10.15625,18.75,15.8203125,82.8808,6.537243,1.35028076,36,139,405.000031,278,0,0,0,4096,75,4021,1.83105469,29,14103,2032,93.9427,21,55.2619171
12/11/2018 08:34:06,10.15625,12.5,8.59375,18.75,12.5,82.76492,6.528103,1.35942078,36,139,405.000031,278,0,0,0,4096,75,4021,1.83105469,29,14103,2032,93.9427,21,55.2619171
12/11/2018 08:34:07,13.28125,17.96875,9.375,15.625,14.0625,82.60097,6.515171,1.3723526,36,139,405.000031,278,0,0,0,4096,75,4021,1.83105469,29,14103,2032,93.9427,21,55.2619171
12/11/2018 08:34:08,17.1875,12.5,8.59375,12.5,12.6953125,82.5582657,6.51180267,1.375721,36,139,405.000031,278,0,0,0,4096,75,4021,1.83105469,29,14103,2032,93.9427,21,55.2619171
12/11/2018 08:34:09,14.0625,9.375,10.15625,14.84375,12.109375,82.3319244,6.49395,1.39357376,36,139,405.000031,278,0,0,0,4096,75,4021,1.83105469,29,14103,2032,93.9427,21,55.2619171
12/11/2018 08:34:10,9.375,7.03125,11.71875,13.28125,10.3515625,82.28569,6.490303,1.39722061,36,139,405.000031,278,0,0,0,4096,75,4021,1.83105469,29,14103,2032,93.9427,21,55.2619171
12/11/2018 08:34:11,16.40625,7.8125,8.59375,7.8125,10.15625,82.26213,6.48844528,1.39907837,36,139,405.000031,278,0,0,0,4096,75,4021,1.83105469,29,14103,2032,93.9427,21,55.2619171
12/11/2018 08:34:12,16.40625,10.15625,10.15625,17.96875,13.671875,82.332016,6.49395752,1.39356613,36,139,405.000031,278,0,0,0,4096,75,4021,1.83105469,29,14103,2032,93.9427,21,55.2619171
12/11/2018 08:34:13,18.75,7.8125,14.84375,14.84375,14.0625,82.30842,6.492096,1.3954277,36,139,405.000031,278,0,0,0,4096,75,4021,1.83105469,29,14103,2032,93.9427,21,55.2619171
12/11/2018 08:34:14,24.21875,17.1875,13.28125,22.65625,19.3359375,82.59676,6.514839,1.37268448,37,139,405.000031,278,0,0,0,4096,75,4021,1.83105469,29,14103,2032,93.9427,21,55.2619171
12/11/2018 08:34:15,34.375,21.09375,17.1875,21.875,23.6328125,82.53026,6.509594,1.37792969,37,139,405.000031,278,0,0,0,4096,75,4021,1.83105469,29,14103,2032,93.9427,21,55.2619171
12/11/2018 08:34:16,17.96875,16.40625,11.71875,24.21875,17.578125,82.51929,6.508728,1.37879562,37,139,405.000031,278,0,0,0,4096,75,4021,1.83105469,29,14103,2032,93.9427,21,55.2619171
12/11/2018 08:34:17,28.90625,20.3125,18.75,24.21875,23.046875,82.5869,6.514061,1.37346268,37,139,405.000031,278,0,0,0,4096,75,4021,1.83105469,29,14103,2032,93.9427,21,55.2619171
12/11/2018 08:34:18,22.65625,17.96875,16.40625,21.875,19.7265625,82.51619,6.508484,1.37903976,37,139,405.000031,278,0,0,0,4096,75,4021,1.83105469,29,14103,2032,93.9427,21,55.2619171
12/11/2018 08:34:20,22.65625,15.625,14.84375,17.1875,17.578125,82.46777,6.50466537,1.38285828,37,139,405.000031,278,0,0,0,4096,75,4021,1.83105469,30,14103,2032,93.9427948,22,55.2619171
12/11/2018 08:34:20,7.8125,14.84375,10.9375,14.0625,11.9140625,82.43005,6.50169,1.38583374,37,139,405.000031,278,0,0,0,4096,75,4021,1.83105469,30,14103,2032,93.9427948,22,55.2619171
12/11/2018 08:34:21,17.96875,20.3125,17.96875,18.75,18.75,82.45042,6.503296,1.38422775,37,139,405.000031,278,0,0,0,4096,75,4021,1.83105469,30,14103,2032,93.9427948,22,55.2619171
12/11/2018 08:34:22,13.28125,6.25,8.59375,14.0625,10.546875,82.43146,6.50180054,1.38572311,37,139,405.000031,278,0,0,0,4096,75,4021,1.83105469,30,14103,2032,93.9427948,22,55.2619171
12/11/2018 08:34:23,17.96875,15.625,7.8125,16.40625,14.453125,82.6409149,6.518322,1.36920166,37,139,405.000031,278,0,0,0,4096,75,4021,1.83105469,30,14103,2032,93.9427948,22,55.2619171
12/11/2018 08:34:24,22.65625,18.75,13.28125,10.9375,16.40625,82.58056,6.51356125,1.3739624,37,139,405.000031,278,0,0,0,4096,75,4021,1.83105469,30,14103,2032,93.9427948,22,55.2619171
12/11/2018 08:34:25,37.5,33.59375,28.125,29.6875,32.2265625,82.3945541,6.49889,1.38863373,37,139,405.000031,278,0,0,0,4096,75,4021,1.83105469,30,14103,2032,93.9427948,22,55.2619171
12/11/2018 08:34:26,35.15625,37.5,35.15625,43.75,37.890625,82.5768356,6.51326752,1.37425613,37,139,405.000031,278,0,0,0,4096,75,4021,1.83105469,30,14103,2032,93.9427948,22,55.2619171
12/11/2018 08:34:27,42.1875,49.21875,38.28125,40.625,42.578125,83.13907,6.55761337,1.32991028,37,139,405.000031,278,0,0,0,4096,75,4021,1.83105469,30,14103,2032,93.9427948,22,55.2619171
12/11/2018 08:34:28,47.65625,43.75,41.40625,37.5,42.578125,83.4751,6.584118,1.30340576,37,139,405.000031,278,0,0,0,4096,75,4021,1.83105469,30,14103,2032,93.9427948,22,55.2619171
12/11/2018 08:34:29,19.53125,21.09375,19.53125,24.21875,21.09375,83.3049,6.570694,1.31682968,38,139,405.000031,278,0,0,0,4096,75,4021,1.83105469,30,14103,2032,93.9427948,22,55.2619171
12/11/2018 08:34:30,18.75,14.0625,9.375,23.4375,16.40625,83.34069,6.573517,1.31400681,38,139,405.000031,278,0,0,0,4096,75,4021,1.83105469,30,14103,2032,93.9427948,22,55.2619171
12/11/2018 08:34:31,31.25,25,18.75,37.5,28.125,83.40458,6.578556,1.30896759,37,139,405.000031,278,0,0,0,4096,75,4021,1.83105469,30,14103,2032,93.9427948,22,55.2619171
12/11/2018 08:34:32,21.875,17.96875,10.15625,21.875,17.96875,83.28159,6.56885529,1.31866837,37,139,405.000031,278,0,0,0,4096,75,4021,1.83105469,30,14103,2032,93.9427948,22,55.2619171
12/11/2018 08:34:33,14.84375,16.40625,5.46875,17.1875,13.4765625,83.23038,6.56481552,1.32270813,38,139,405.000031,278,0,0,0,4096,75,4021,1.83105469,30,14103,2032,93.9427948,22,55.2619171
12/11/2018 08:34:34,19.53125,16.40625,10.15625,17.96875,16.015625,83.7706451,6.6074295,1.28009415,38,139,405.000031,278,0,0,0,4096,75,4021,1.83105469,30,14103,2032,93.9427948,22,55.2619171
12/11/2018 08:34:35,17.96875,9.375,10.1934547,13.28125,12.7046108,83.68296,6.60051346,1.28701019,38,139,405.000031,278,0,0,0,4096,75,4021,1.83105469,30,14103,2032,93.9427948,22,55.2619171
12/11/2018 08:34:36,18.75,12.5,14.0144234,20.3125,16.3942337,83.55688,6.59056854,1.29695511,37,139,405.000031,278,0,0,0,4096,75,4021,1.83105469,30,14103,2032,93.9427948,22,55.2619171
12/11/2018 08:34:37,15.625,10.9375,7.03125,13.28125,11.71875,83.56965,6.59157562,1.295948,37,139,405.000031,278,0,0,0,4096,75,4021,1.83105469,30,14103,2032,93.9427948,22,55.2619171
12/11/2018 08:34:38,15.625,7.03125,5.46875,15.625,10.9375,83.56148,6.590931,1.29659271,38,139,405.000031,278,0,0,0,4096,75,4021,1.83105469,30,14103,2032,93.9427948,22,55.2619171
12/11/2018 08:34:39,17.1875,9.375,14.84375,11.71875,13.28125,83.46765,6.58353043,1.30399323,37,139,405.000031,278,0,0,0,4096,75,4021,1.83105469,30,14103,2032,93.9427948,22,55.2619171
12/11/2018 08:34:40,17.1875,8.59375,10.9375,13.28125,12.5,83.34471,6.57383347,1.31369019,37,139,405.000031,278,0,0,0,4096,75,4021,1.83105469,30,14103,2032,93.9427948,22,55.2619171
12/11/2018 08:34:41,17.2495,14.84375,12.6612072,17.2743073,15.5071917,83.28096,6.56880569,1.318718,37,139,405.000031,278,0,0,0,4096,75,4021,1.83105469,30,14103,2032,93.9427948,22,55.2619171
12/11/2018 08:34:42,17.1394234,8.59375,11.55048,10.8774071,12.0402632,83.36023,6.575058,1.31246567,37,139,405.000031,278,0,0,0,4096,75,4021,1.83105469,30,14103,2032,93.9427948,22,55.2619171
12/11/2018 08:34:43,14.84375,10.9375,13.28125,13.28125,13.0859375,83.38136,6.576725,1.31079865,37,139,405.000031,278,0,0,0,4096,75,4021,1.83105469,30,14103,2032,93.9427948,22,55.2619171
12/11/2018 08:34:44,17.1875,9.375,8.59375,15.625,12.6953125,83.38896,6.577324,1.31019974,37,139,405.000031,278,0,0,0,4096,75,4021,1.83105469,30,14103,2032,93.9427948,22,55.2619171
12/11/2018 08:34:45,17.1875,15.625,9.375,19.53125,15.4296875,82.9566345,6.54322433,1.34429932,37,139,405.000031,278,0,0,0,4096,75,4021,1.83105469,30,14103,2032,93.9427948,22,55.2619171
12/11/2018 08:34:46,14.84375,12.5,10.15625,11.71875,12.3046875,82.8484,6.534687,1.35283661,37,139,405.000031,278,0,0,0,4096,75,4021,1.83105469,30,14103,2032,93.9427948,22,55.2619171
12/11/2018 08:34:47,16.40625,10.9375,9.375,13.28125,12.5,82.8578339,6.535431,1.35209274,37,139,405.000031,278,0,0,0,4096,75,4021,1.83105469,30,14103,2032,93.9427948,22,55.2619171
12/11/2018 08:34:48,14.84375,4.6875,11.71875,8.59375,9.9609375,82.76642,6.528221,1.35930252,37,139,405.000031,278,0,0,0,4096,75,4021,1.83105469,30,14103,2032,93.9427948,22,55.2619171
12/11/2018 08:34:49,14.0625,11.71875,10.9375,14.1741037,12.7232132,82.94193,6.54206467,1.345459,37,139,405.000031,278,0,0,0,4096,75,4021,1.83105469,31,14103,2032,93.94274,22,55.2619171
12/11/2018 08:34:50,11.71875,10.9375,7.8125,13.1971121,10.9164658,82.95736,6.54328156,1.3442421,37,139,405.000031,278,0,0,0,4096,75,4021,1.83105469,31,14103,2032,93.94274,22,55.2619171
12/11/2018 08:34:51,17.96875,13.28125,8.59375,13.28125,13.28125,82.87297,6.536625,1.35089874,37,139,405.000031,278,0,0,0,4096,75,4021,1.83105469,31,14103,2032,93.94274,22,55.2619171
12/11/2018 08:34:52,14.8933525,7.03125,10.15625,15.7862072,11.9667645,82.79162,6.53020859,1.35731506,37,139,405.000031,278,0,0,0,4096,75,4021,1.83105469,31,14103,2032,93.94274,22,55.2619171
12/11/2018 08:34:53,14.0144234,11.71875,10.9375,11.5985575,12.0673122,82.8631,6.53584671,1.351677,37,139,405.000031,278,0,0,0,4096,75,4021,1.83105469,31,14103,2032,93.94274,22,55.2619171
12/11/2018 08:34:54,10.9375,10.15625,7.8125,15.625,11.1328125,82.79897,6.53078842,1.35673523,37,139,405.000031,278,0,0,0,4096,75,4021,1.83105469,31,14103,2032,93.94274,22,55.2619171
12/11/2018 08:34:55,16.40625,8.59375,6.25,11.71875,10.7421875,82.83795,6.533863,1.35366058,37,139,405.000031,278,0,0,0,4096,75,4021,1.83105469,31,14103,2032,93.94274,22,55.2619171
12/11/2018 08:34:56,14.84375,12.5,14.84375,19.53125,15.4296875,82.74727,6.52671051,1.36081314,37,139,405.000031,278,0,0,0,4096,75,4021,1.83105469,31,14103,2032,93.94274,22,55.2619171
12/11/2018 08:34:57,21.875,31.25,25,22.65625,25.1953125,83.05283,6.550812,1.33671188,37,139,405.000031,278,0,0,0,4096,75,4021,1.83105469,31,14103,2032,93.94274,22,55.2619171
12/11/2018 08:34:58,22.65625,15.625,10.15625,22.65625,17.7734375,83.9896851,6.62470627,1.26281738,37,139,405.000031,278,0,0,0,4096,75,4021,1.83105469,31,14103,2032,93.94274,22,55.2619171
12/11/2018 08:34:59,22.65625,19.53125,13.28125,19.53125,18.75,84.01735,6.62688828,1.26063538,37,139,405.000031,278,0,0,0,4096,75,4021,1.83105469,31,14103,2032,93.94274,22,55.2619171
12/11/2018 08:35:00,23.4375,17.1875,17.96875,28.125,21.6796875,83.94891,6.62149048,1.26603317,37,139,405.000031,278,0,0,0,4096,75,4021,1.83105469,31,14103,2032,93.94274,22,55.2619171
12/11/2018 08:35:01,30.46875,29.6875,20.3125,29.6875,27.5390625,84.2555847,6.64567947,1.24184418,37,139,405.000031,278,0,0,0,4096,75,4021,1.83105469,31,14103,2032,93.94274,22,55.2619171
12/11/2018 08:35:02,13.0769253,11.5384579,10.0000019,16.1538486,12.6923027,84.19537,6.64093,1.24659348,37,139,405.000031,278,0,0,0,4096,75,4021,1.83105469,31,14103,2032,93.94274,22,55.2619171
12/11/2018 08:35:03,19.0476189,15.0793667,9.523809,13.49206,14.2857132,84.15088,6.63742065,1.250103,38,139,405.000031,278,0,0,0,4096,75,4021,1.83105469,31,14103,2032,93.94274,22,55.2619171
12/11/2018 08:35:04,14.84375,18.75,14.84375,21.875,17.578125,84.15127,6.637451,1.25007248,38,139,405.000031,278,0,0,0,4096,75,4021,1.83105469,31,14103,2032,93.94274,22,55.2619171
12/11/2018 08:35:05,19.53125,17.96875,14.84375,20.3125,18.1640625,84.1694,6.63888168,1.248642,38,139,405.000031,278,0,0,0,4096,75,4021,1.83105469,31,14103,2032,93.94274,22,55.2619171
12/11/2018 08:35:06,27.34375,26.5625,29.6875,21.875,26.3671875,84.79383,6.68813324,1.19939041,38,139,405.000031,278,3,1,0,4096,87.984375,4008.01563,2.148056,31,14103,2032,93.94274,22,55.2619171
12/11/2018 08:35:07,37.5,32.8125,33.59375,26.5625,32.6171875,84.98114,6.70290756,1.18461609,38,139,405.000031,278,0,0,0,4096,87.984375,4008.01563,2.148056,31,14103,2032,93.94274,22,55.2619171
12/11/2018 08:35:08,39.0625,36.71875,32.03125,37.5,36.328125,85.27113,6.72578049,1.16174316,38,139,405.000031,278,0,0,0,4096,87.984375,4008.01563,2.148056,31,14103,2032,93.94274,22,55.2619171
12/11/2018 08:35:09,27.34375,21.875,24.21875,29.6875,25.78125,85.43324,6.73856735,1.1489563,38,1354.00012,3504.00024,2708.00024,1,0,0,4096,90.80469,4005.19531,2.21691132,31,14103,2032,93.94274,22,55.2619171
12/11/2018 08:35:10,21.875,28.90625,26.5625,25.78125,25.78125,85.36394,6.733101,1.15442276,39,1354.00012,3504.00024,2708.00024,0,0,0,4096,87.984375,4008.01563,2.148056,31,14103,2032,93.94274,22,55.2619171
12/11/2018 08:35:11,37.5,45.3125,40.625,46.875,42.578125,85.41148,6.73685074,1.15067291,39,1354.00012,3504.00024,2708.00024,0,0,0,4096,87.984375,4008.01563,2.148056,31,14103,2032,93.94274,22,55.2619171
12/11/2018 08:35:12,17.1875,14.84375,14.84375,21.875,17.1875,85.19162,6.719509,1.16801453,39,139,405.000031,278,0,0,0,4096,87.984375,4008.01563,2.148056,31,14103,2032,93.94274,22,55.2619171
12/11/2018 08:35:13,14.84375,14.84375,14.84375,14.0625,14.6484375,85.06254,6.7093277,1.178196,39,139,405.000031,278,0,0,0,4096,87.984375,4008.01563,2.148056,31,14103,2032,93.94274,22,55.2619171
12/11/2018 08:35:14,13.28125,15.625,14.0625,19.53125,15.625,84.74217,6.684059,1.20346451,39,139,405.000031,278,0,0,0,4096,87.984375,4008.01563,2.148056,31,14103,2032,93.94274,22,55.2619171
12/11/2018 08:35:15,31.25,30.46875,25,29.9231167,29.1604633,84.68777,6.67976761,1.207756,39,139,405.000031,278,0,0,0,4096,87.984375,4008.01563,2.148056,31,14103,2032,93.94274,22,55.2619171
12/11/2018 08:35:16,34.375,28.90625,24.21875,28.6418266,29.0354557,84.80965,6.68938065,1.198143,39,139,405.000031,278,0,0,0,4096,87.984375,4008.01563,2.148056,31,14103,2032,93.94274,22,55.2619171
12/11/2018 08:35:17,30.46875,32.03125,19.53125,25,26.7578125,84.63868,6.67589569,1.211628,39,139,405.000031,278,0,0,0,4096,87.984375,4008.01563,2.148056,31,14103,2032,93.94274,22,55.2619171
12/11/2018 08:35:18,26.5625,28.90625,18.75,19.53125,23.4375,84.57349,6.67075348,1.21677017,39,139,405.000031,278,0,0,0,4096,87.984375,4008.01563,2.148056,31,14103,2032,93.94274,22,55.2619171
12/11/2018 08:35:19,28.125,25,25,20.3125,24.609375,84.56574,6.670143,1.21738052,39,139,405.000031,278,0,0,0,4096,87.984375,4008.01563,2.148056,32,14104,2032,93.94503,23,55.2619171
12/11/2018 08:35:20,31.25,29.6875,32.03125,26.5625,29.8828125,84.68032,6.67918,1.20834351,39,139,405.000031,278,0,0,0,4096,75,4021,1.83105469,32,14104,2032,93.94503,23,55.2619171
12/11/2018 08:35:21,25.78125,28.90625,25,37.5,29.296875,84.5855255,6.67170334,1.21582031,39,139,405.000031,278,0,0,0,4096,75,4021,1.83105469,32,14104,2032,93.94503,23,55.2619171
12/11/2018 08:35:22,26.5625,31.25,21.875,30.46875,27.5390625,84.54872,6.66880035,1.2187233,39,139,405.000031,278,0,0,0,4096,75,4021,1.83105469,32,14104,2032,93.94503,23,55.2619171
12/11/2018 08:35:23,23.4375,34.375,28.3978157,28.90625,28.7791424,84.55191,6.669052,1.21847153,39,139,405.000031,278,0,0,0,4096,75,4021,1.83105469,32,14104,2032,93.94503,23,55.2619171
12/11/2018 08:35:24,28.125,24.21875,22.4278812,22.65625,24.3569736,84.5096,6.66571426,1.22180939,39,139,405.000031,278,0,0,0,4096,75,4021,1.83105469,32,14104,2032,93.94503,23,55.2619171
12/11/2018 08:35:25,25,25.78125,24.21875,28.125,25.78125,84.4644241,6.66215134,1.22537231,39,139,405.000031,278,0,0,0,4096,75,4021,1.83105469,32,14104,2032,93.94503,23,55.2619171
12/11/2018 08:35:26,26.5625,27.34375,25,32.03125,27.734375,84.648056,6.67663574,1.21088791,39,139,405.000031,278,0,0,0,4096,75,4021,1.83105469,32,14104,2032,93.94503,23,55.2619171
12/11/2018 08:35:27,32.8125,29.6875,28.125,27.34375,29.4921875,84.7951355,6.688236,1.19928741,39,139,405.000031,278,0,0,0,4096,75,4021,1.83105469,32,14104,2032,93.94503,23,55.2619171
12/11/2018 08:35:28,22.65625,28.125,19.53125,20.3125,22.65625,84.80205,6.68878174,1.19874191,39,139,405.000031,278,0,0,0,4096,75,4021,1.83105469,32,14104,2032,93.94503,23,55.2619171
12/11/2018 08:35:29,31.25,23.4375,32.8125,32.03125,29.8828125,85.16991,6.71779633,1.16972733,39,139,405.000031,278,0,0,0,4096,75,4021,1.83105469,32,14104,2032,93.94503,23,55.2619171
12/11/2018 08:35:30,39.84375,42.96875,35.15625,32.03125,37.5,84.8849945,6.695324,1.19219971,39,139,405.000031,278,0,0,0,4096,75,4021,1.83105469,32,14104,2032,93.94503,23,55.2619171
12/11/2018 08:35:31,42.96875,43.75,37.5,40.625,41.2109375,84.8778839,6.694763,1.19276047,39,139,405.000031,278,0,0,0,4096,75,4021,1.83105469,32,14104,2032,93.94503,23,55.2619171
12/11/2018 08:35:32,27.34375,21.875,30.46875,25.78125,26.3671875,84.90047,6.69654465,1.190979,39,139,405.000031,278,0,0,0,4096,75,4021,1.83105469,32,14104,2032,93.94503,23,55.2619171
12/11/2018 08:35:33,30.46875,25,25.78125,32.8125,28.515625,84.9908142,6.7036705,1.18385315,39,139,405.000031,278,0,0,0,4096,75,4021,1.83105469,32,14104,2032,93.94503,23,55.2619171
12/11/2018 08:35:34,33.59375,28.125,22.65625,21.875,26.5625,85.08977,6.71147537,1.17604828,39,139,405.000031,278,0,0,0,4096,75,4021,1.83105469,32,14104,2032,93.94503,23,55.2619171
12/11/2018 08:35:35,32.03125,25.78125,26.5625,26.5625,27.734375,85.19084,6.719448,1.16807556,39,139,405.000031,278,0,0,0,4096,75,4021,1.83105469,32,14104,2032,93.94503,23,55.2619171
12/11/2018 08:35:36,28.125,21.875,20.3125,31.25,25.390625,85.1649246,6.71740341,1.17012024,39,139,405.000031,278,0,0,0,4096,75,4021,1.83105469,32,14104,2032,93.94503,23,55.2619171
12/11/2018 08:35:37,27.34375,21.875,27.34375,32.03125,27.1484375,85.06312,6.70937347,1.17815018,39,139,405.000031,278,0,0,0,4096,75,4021,1.83105469,32,14104,2032,93.94503,23,55.2619171
12/11/2018 08:35:38,25,17.96875,13.28125,17.96875,18.5546875,85.18001,6.7185936,1.16893,39,139,405.000031,278,0,0,0,4096,75,4021,1.83105469,32,14104,2032,93.94503,23,55.2619171
12/11/2018 08:35:39,19.53125,14.84375,19.53125,16.40625,17.578125,85.16603,6.717491,1.1700325,39,139,405.000031,278,0,0,0,4096,75,4021,1.83105469,32,14104,2032,93.94503,23,55.2619171
12/11/2018 08:35:40,33.59375,25.78125,21.875,21.875,25.78125,85.14442,6.715786,1.17173767,39,139,405.000031,278,0,0,0,4096,75,4021,1.83105469,32,14104,2032,93.94503,23,55.2619171
12/11/2018 08:35:41,35.15625,28.90625,28.90625,32.8125,31.4453125,85.18446,6.71894455,1.1685791,39,139,405.000031,278,0,0,0,4096,75,4021,1.83105469,32,14104,2032,93.94503,23,55.2619171
12/11/2018 08:35:42,20.3125,14.84375,21.09375,20.3125,19.140625,85.22634,6.722248,1.16527557,40,139,405.000031,278,0,0,0,4096,75,4021,1.83105469,32,14104,2032,93.94503,23,55.2619171
12/11/2018 08:35:43,19.53125,16.40625,21.875,17.96875,18.9453125,85.33627,6.730919,1.15660477,40,139,405.000031,278,0,0,0,4096,75,4021,1.83105469,32,14104,2032,93.94503,23,55.2619171
12/11/2018 08:35:44,7.8125,8.59375,14.0625,11.71875,10.546875,85.28549,6.72691345,1.1606102,39,139,405.000031,278,0,0,0,4096,75,4021,1.83105469,32,14104,2032,93.94503,23,55.2619171
12/11/2018 08:35:45,21.875,17.96875,17.1875,16.40625,18.359375,85.29971,6.728035,1.15948868,40,139,405.000031,278,0,0,0,4096,75,4021,1.83105469,32,14104,2032,93.94503,23,55.2619171
12/11/2018 08:35:46,17.1875,12.5,12.5,17.96875,15.0390625,85.2166748,6.721485,1.16603851,40,139,405.000031,278,0,0,0,4096,75,4021,1.83105469,32,14104,2032,93.94503,23,55.2619171
12/11/2018 08:35:47,16.40625,12.5,11.71875,11.71875,13.0859375,85.2614059,6.72501373,1.16250992,40,139,405.000031,278,0,0,0,4096,75,4021,1.83105469,32,14104,2032,93.94503,23,55.2619171
12/11/2018 08:35:48,10.9375,7.8125,13.28125,14.0625,11.5234375,85.2182159,6.721607,1.16591644,39,139,405.000031,278,0,0,0,4096,75,4021,1.83105469,32,14104,2032,93.94503,23,55.2619171
12/11/2018 08:35:49,14.84375,14.0625,13.28125,15.625,14.453125,85.31427,6.729183,1.15834045,39,139,405.000031,278,0,0,0,4096,75,4021,1.83105469,33,14104,2032,93.94467,23,55.2619171
12/11/2018 08:35:50,33.59375,25,24.21875,21.875,26.171875,85.4464951,6.73961258,1.14791107,39,139,405.000031,278,0,0,0,4096,75,4021,1.83105469,33,14104,2032,93.94467,23,55.2619171
12/11/2018 08:35:51,23.4375,21.875,21.875,30.46875,24.4140625,85.476,6.74193954,1.14558411,39,139,405.000031,278,0,0,0,4096,75,4021,1.83105469,33,14104,2032,93.94467,23,55.2619171
12/11/2018 08:35:52,26.5625,24.21875,29.6875,25.78125,26.5625,85.39944,6.735901,1.15162277,40,139,405.000031,278,0,0,0,4096,75,4021,1.83105469,33,14104,2032,93.94467,23,55.2619171
12/11/2018 08:35:53,25,21.875,28.90625,21.875,24.4140625,85.5592346,6.74850464,1.139019,40,139,405.000031,278,0,0,0,4096,75,4021,1.83105469,33,14104,2032,93.94467,23,55.2619171
12/11/2018 08:35:54,25,15.625,28.90625,21.09375,22.65625,85.5789642,6.750061,1.13746262,40,139,405.000031,278,0,0,0,4096,75,4021,1.83105469,33,14104,2032,93.94467,23,55.2619171
12/11/2018 08:35:55,28.125,25,23.4375,19.53125,24.0234375,85.20845,6.72083664,1.166687,40,139,405.000031,278,0,0,0,4096,75,4021,1.83105469,33,14104,2032,93.94467,23,55.2619171
12/11/2018 08:35:56,17.96875,17.1875,14.84375,21.09375,17.7734375,85.03023,6.70677948,1.18074417,40,139,405.000031,278,0,0,0,4096,75,4021,1.83105469,33,14104,2032,93.94467,23,55.2619171
12/11/2018 08:35:57,15.625,14.84375,9.375,14.84375,13.671875,85.13383,6.71495056,1.17257309,40,139,405.000031,278,0,0,0,4096,75,4021,1.83105469,33,14104,2032,93.94467,23,55.2619171
12/11/2018 08:35:58,15.625,20.3125,20.3125,23.4375,19.921875,85.0575562,6.708935,1.17858887,40,139,405.000031,278,0,0,0,4096,75,4021,1.83105469,33,14104,2032,93.94467,23,55.2619171
12/11/2018 08:35:59,35.15625,15.625,25,19.53125,23.828125,85.13296,6.714882,1.17264175,40,139,405.000031,278,0,0,0,4096,75,4021,1.83105469,33,14104,2032,93.94467,23,55.2619171
12/11/2018 08:36:00,17.1875,7.8125,16.40625,14.84375,14.0625,84.9820557,6.70298,1.18454361,40,139,405.000031,278,0,0,0,4096,75,4021,1.83105469,33,14104,2032,93.94467,23,55.2619171
12/11/2018 08:36:01,33.59375,39.84375,38.28125,26.5625,34.5703125,85.2105255,6.72100067,1.166523,40,139,405.000031,278,0,0,0,4096,75,4021,1.83105469,33,14104,2032,93.94467,23,55.2619171
12/11/2018 08:36:02,30.46875,22.65625,23.4375,24.21875,25.1953125,85.22238,6.72193527,1.16558838,40,139,405.000031,278,0,0,0,4096,75,4021,1.83105469,33,14104,2032,93.94467,23,55.2619171
12/11/2018 08:36:03,19.53125,25.78125,31.25,25.78125,25.5859375,85.23916,6.723259,1.16426468,40,139,405.000031,278,0,0,0,4096,75,4021,1.83105469,33,14104,2032,93.94467,23,55.2619171
12/11/2018 08:36:04,24.21875,23.4375,28.125,27.34375,25.78125,85.2861252,6.726963,1.16056061,40,139,405.000031,278,0,0,0,4096,75,4021,1.83105469,33,14104,2032,93.94467,23,55.2619171
12/11/2018 08:36:05,17.1875,16.40625,8.59375,17.1875,14.84375,85.2975845,6.727867,1.15965652,40,139,405.000031,278,0,0,0,4096,75,4021,1.83105469,33,14104,2032,93.94467,23,55.2619171
12/11/2018 08:36:06,21.09375,15.625,18.75,14.84375,17.578125,85.22876,6.722439,1.16508484,40,139,405.000031,278,0,0,0,4096,75,4021,1.83105469,33,14104,2032,93.94467,23,55.2619171
12/11/2018 08:36:07,34.375,25.78125,29.6875,24.21875,28.515625,85.21213,6.72112656,1.16639709,40,139,405.000031,278,0,0,0,4096,75,4021,1.83105469,33,14104,2032,93.94467,23,55.2619171
12/11/2018 08:36:08,29.6875,26.5625,32.03125,28.125,29.1015625,84.88756,6.695526,1.19199753,40,139,405.000031,278,0,0,0,4096,75,4021,1.83105469,33,14104,2032,93.94467,23,55.2619171
12/11/2018 08:36:09,25.78125,11.71875,24.21875,17.96875,19.921875,85.01674,6.705715,1.18180847,40,139,405.000031,278,0,0,0,4096,75,4021,1.83105469,33,14104,2032,93.94467,23,55.2619171
12/11/2018 08:36:10,17.1875,7.03125,10.9375,17.1875,13.0859375,84.7889938,6.687752,1.19977188,40,139,405.000031,278,0,0,0,4096,75,4021,1.83105469,33,14104,2032,93.94467,23,55.2619171
12/11/2018 08:36:11,24.21875,22.65625,18.7996025,21.3169632,21.7478867,84.7356949,6.683548,1.20397568,40,139,405.000031,278,0,0,0,4096,75,4021,1.83105469,33,14104,2032,93.94467,23,55.2619171
12/11/2018 08:36:12,27.34375,13.28125,23.3774071,18.5576916,20.6400223,84.87295,6.694374,1.19314957,40,139,405.000031,278,0,0,0,4096,75,4021,1.83105469,33,14104,2032,93.94467,23,55.2619171
12/11/2018 08:36:13,17.1875,16.40625,14.84375,14.84375,15.8203125,84.5743561,6.670822,1.21670151,40,139,405.000031,278,0,0,0,4096,75,4021,1.83105469,33,14104,2032,93.94467,23,55.2619171
12/11/2018 08:36:14,20.3125,12.5,20.3125,16.40625,17.3828125,84.64003,6.6760025,1.21152115,40,139,405.000031,278,0,0,0,4096,75,4021,1.83105469,33,14104,2032,93.94467,23,55.2619171
12/11/2018 08:36:15,21.875,16.40625,18.75,16.40625,18.359375,84.67896,6.67907333,1.20845032,40,139,405.000031,278,0,0,0,4096,75,4021,1.83105469,33,14104,2032,93.94467,23,55.2619171
12/11/2018 08:36:16,23.4375,18.75,18.75,16.40625,19.3359375,84.47555,6.66302872,1.22449493,40,139,405.000031,278,0,0,0,4096,75,4021,1.83105469,33,14104,2032,93.94467,23,55.2619171
12/11/2018 08:36:17,17.96875,14.0625,12.5,13.28125,14.453125,84.60071,6.672901,1.2146225,40,139,405.000031,278,0,0,0,4096,75,4021,1.83105469,33,14104,2032,93.94467,23,55.2619171
12/11/2018 08:36:18,26.5625,24.21875,21.875,19.53125,23.046875,84.77482,6.686634,1.20088959,40,139,405.000031,278,0,0,0,4096,75,4021,1.83105469,33,14104,2032,93.94467,23,55.2619171
12/11/2018 08:36:19,25.78125,21.875,28.125,25,25.1953125,84.8915253,6.695839,1.19168472,40,139,405.000031,278,0,0,0,4096,75,4021,1.83105469,36,14105,2033,93.9469,24,55.2619171
12/11/2018 08:36:20,29.6875,22.65625,25,16.40625,23.4375,84.9321,6.69903946,1.18848419,40,139,405.000031,278,0,0,0,4096,75,4021,1.83105469,36,14105,2033,93.9469,24,55.2619171
12/11/2018 08:36:21,41.40625,32.8125,33.59375,27.34375,33.7890625,84.94138,6.699772,1.18775177,40,139,405.000031,278,0,0,0,4096,75,4021,1.83105469,36,14105,2033,93.9469,24,55.2619171
12/11/2018 08:36:22,21.09375,22.65625,16.40625,19.53125,19.921875,84.48841,6.66404343,1.22348022,40,139,405.000031,278,0,0,0,4096,75,4021,1.83105469,36,14105,2033,93.9469,24,55.2619171
12/11/2018 08:36:23,27.34375,23.4375,17.1875,21.875,22.4609375,84.3245544,6.651119,1.23640442,40,139,405.000031,278,0,0,0,4096,75,4021,1.83105469,36,14105,2033,93.9469,24,55.2619171
12/11/2018 08:36:24,32.03125,23.4375,28.90625,23.4375,26.953125,84.63496,6.675602,1.21192169,40,139,405.000031,278,0,0,0,4096,75,4021,1.83105469,36,14105,2033,93.9469,24,55.2619171
12/11/2018 08:36:25,27.6923065,18.4615364,18.4615364,21.53846,21.53846,84.73976,6.68386841,1.20365524,40,139,405.000031,278,0,0,0,4096,75,4021,1.83105469,36,14105,2033,93.9469,24,55.2619171
12/11/2018 08:36:26,38.0952377,31.7460289,34.92063,38.0952377,35.71428,84.8331,6.691231,1.19629288,40,139,405.000031,278,0,0,0,4096,75,4021,1.83105469,36,14105,2033,93.9469,24,55.2619171
12/11/2018 08:36:27,30.46875,21.09375,11.71875,13.28125,19.140625,84.4895248,6.664131,1.22339249,40,139,405.000031,278,0,0,0,4096,75,4021,1.83105469,36,14105,2033,93.9469,24,55.2619171
12/11/2018 08:36:28,20.3125,18.75,10.9375,13.28125,15.8203125,84.57972,6.67124557,1.21627808,40,139,405.000031,278,0,0,0,4096,75,4021,1.83105469,36,14105,2033,93.9469,24,55.2619171
12/11/2018 08:36:29,49.21875,50.78125,43.75,45.3125,47.265625,84.92006,6.6980896,1.189434,40,139,405.000031,278,0,0,0,4096,75,4021,1.83105469,36,14105,2033,93.9469,24,55.2619171
12/11/2018 08:36:30,52.34375,55.46875,46.09375,48.4375,50.5859375,85.49457,6.74340439,1.14411926,41,139,405.000031,278,0,0,0,4096,75,4021,1.83105469,36,14105,2033,93.9469,24,55.2619171
12/11/2018 08:36:31,39.84375,24.21875,27.34375,34.375,31.4453125,85.55618,6.74826431,1.13925934,41,139,405.000031,278,0,0,0,4096,75,4021,1.83105469,36,14105,2033,93.9469,24,55.2619171
12/11/2018 08:36:32,41.40625,31.25,35.9375,35.9375,36.1328125,85.6678543,6.75707245,1.1304512,41,139,405.000031,278,0,0,0,4096,75,4021,1.83105469,36,14105,2033,93.9469,24,55.2619171
12/11/2018 08:36:33,50,51.5625,53.90625,46.09375,50.390625,86.2437744,6.802498,1.08502579,41,139,405.000031,278,0,0,0,4096,75,4021,1.83105469,36,14105,2033,93.9469,24,55.2619171
12/11/2018 08:36:34,54.6875,65.625,48.4375,57.03125,56.4453125,86.781,6.84487152,1.04265213,41,139,405.000031,278,0,0,0,4096,75,4021,1.83105469,36,14105,2033,93.9469,24,55.2619171
12/11/2018 08:36:35,46.875,53.125,39.0625,49.21875,47.0703125,86.55992,6.82743454,1.06008911,41,139,405.000031,278,0,0,0,4096,75,4021,1.83105469,36,14105,2033,93.9469,24,55.2619171
12/11/2018 08:36:36,57.03125,49.21875,44.53125,52.34375,50.78125,87.21917,6.87943268,1.008091,41,139,405.000031,278,0,0,0,4096,75,4021,1.83105469,36,14105,2033,93.9469,24,55.2619171
12/11/2018 08:36:37,29.6875,17.1875,30.46875,18.75,24.0234375,87.04903,6.86601257,1.02151108,41,139,405.000031,278,0,0,0,4096,75,4021,1.83105469,36,14105,2033,93.9469,24,55.2619171
12/11/2018 08:36:38,46.875,25.78125,37.5,35.9375,36.5234375,88.0474,6.94475937,0.9427643,41,139,405.000031,278,0,0,0,4096,75,4021,1.83105469,36,14105,2033,93.9469,24,55.2619171
12/11/2018 08:36:39,35.15625,32.8125,36.71875,32.8125,34.375,87.606514,6.90998459,0.977539063,41,139,405.000031,278,0,0,0,4096,75,4021,1.83105469,36,14105,2033,93.9469,24,55.2619171
12/11/2018 08:36:40,25.78125,17.1875,17.1875,23.4375,20.8984375,87.04767,6.865906,1.02161789,41,139,405.000031,278,0,0,0,4096,75,4021,1.83105469,36,14105,2033,93.9469,24,55.2619171
12/11/2018 08:36:41,26.5625,15.625,19.53125,21.09375,20.703125,87.31285,6.88682175,1.0007019,41,139,405.000031,278,0,0,0,4096,75,4021,1.83105469,36,14105,2033,93.9469,24,55.2619171
12/11/2018 08:36:42,17.1875,8.59375,12.5,13.28125,12.890625,86.26346,6.80405045,1.08347321,41,139,405.000031,278,0,0,0,4096,75,4021,1.83105469,36,14105,2033,93.9469,24,55.2619171
12/11/2018 08:36:44,19.5121937,11.5853672,12.1951218,16.4634171,14.9390221,86.8655853,6.85154343,1.03598022,41,139,405.000031,278,0,0,0,4096,75,4021,1.83105469,36,14105,2033,93.9469,24,55.2619171
12/11/2018 08:36:44,20.6521759,7.608694,15.2173882,16.30435,14.94565,86.54716,6.82642746,1.06109619,41,139,405.000031,278,0,0,0,4096,75,4021,1.83105469,36,14105,2033,93.9469,24,55.2619171
12/11/2018 08:36:45,30.46875,26.5625,34.375,28.125,29.8828125,87.09357,6.869526,1.01799774,41,139,405.000031,278,0,0,0,4096,75,4021,1.83105469,36,14105,2033,93.9469,24,55.2619171
12/11/2018 08:36:46,16.40625,13.28125,14.84375,19.53125,16.015625,86.76576,6.84367,1.04385376,41,139,405.000031,278,0,0,0,4096,75,4021,1.83105469,36,14105,2033,93.9469,24,55.2619171
12/11/2018 08:36:47,26.5625,20.3125,27.34375,20.3125,23.6328125,87.23982,6.88106155,1.0064621,41,139,405.000031,278,0,0,0,4096,75,4021,1.83105469,36,14105,2033,93.9469,24,55.2619171
12/11/2018 08:36:48,26.5625,17.96875,27.34375,27.34375,24.8046875,86.8607941,6.851166,1.03635788,41,139,405.000031,278,0,0,0,4096,75,4021,1.83105469,36,14105,2033,93.9469,24,55.2619171
12/11/2018 08:36:50,25,26.5625,28.90625,24.21875,26.171875,87.31469,6.88696671,1.000557,41,139,405.000031,278,0,0,0,4096,75,4021,1.83105469,38,14106,2034,94.26927,24,55.2619171
12/11/2018 08:36:50,38.28125,36.71875,48.4375,51.5625,43.75,87.00772,6.862755,1.02476883,41,139,405.000031,278,0,0,0,4096,75,4021,1.83105469,38,14106,2034,94.26927,24,55.2619171
12/11/2018 08:36:51,47.65625,34.375,49.21875,39.84375,42.7734375,86.92904,6.85654831,1.03097534,41,139,405.000031,278,0,0,0,4096,75,4021,1.83105469,38,14106,2034,94.26927,24,55.2619171
12/11/2018 08:36:52,33.59375,28.125,46.875,33.59375,35.546875,86.89919,6.85419464,1.033329,41,139,405.000031,278,0,0,0,4096,75,4021,1.83105469,38,14106,2034,94.26927,24,55.2619171
12/11/2018 08:36:53,30.46875,21.875,42.1875,24.21875,29.6875,86.8652954,6.85152054,1.03600311,41,139,405.000031,278,0,0,0,4096,75,4021,1.83105469,38,14106,2034,94.26927,24,55.2619171
12/11/2018 08:36:54,28.90625,27.34375,45.3125,29.6875,32.8125,86.74216,6.84180832,1.04571533,41,139,405.000031,278,0,0,0,4096,75,4021,1.83105469,38,14106,2034,94.26927,24,55.2619171
12/11/2018 08:36:55,21.875,17.96875,35.15625,20.3125,23.828125,86.65897,6.835247,1.05227661,41,139,405.000031,278,0,0,0,4096,75,4021,1.83105469,38,14106,2034,94.26927,24,55.2619171
12/11/2018 08:36:56,38.28125,25,33.59375,35.15625,33.0078125,86.7851,6.845196,1.04232788,41,139,405.000031,278,0,0,0,4096,75,4021,1.83105469,38,14106,2034,94.26927,24,55.2619171
12/11/2018 08:36:57,35.15625,35.15625,32.8125,28.90625,33.0078125,86.69578,6.83815,1.04937363,41,139,405.000031,278,0,0,0,4096,75,4021,1.83105469,38,14106,2034,94.26927,24,55.2619171
12/11/2018 08:36:58,46.09375,29.6875,50,24.21875,37.5,86.5711441,6.82831955,1.0592041,41,139,405.000031,278,0,0,0,4096,75,4021,1.83105469,38,14106,2034,94.26927,24,55.2619171
12/11/2018 08:36:59,28.125,23.4375,35.9375,25,28.125,86.35355,6.811157,1.07636642,41,139,405.000031,278,0,0,0,4096,75,4021,1.83105469,38,14106,2034,94.26927,24,55.2619171
12/11/2018 08:37:00,17.96875,10.15625,26.5625,25,19.921875,86.26602,6.80425262,1.083271,41,139,405.000031,278,0,0,0,4096,75,4021,1.83105469,38,14106,2034,94.26927,24,55.2619171
12/11/2018 08:37:01,29.6875,19.53125,30.46875,26.5625,26.5625,86.42509,6.816799,1.07072449,41,139,405.000031,278,0,0,0,4096,75,4021,1.83105469,38,14106,2034,94.26927,24,55.2619171
12/11/2018 08:37:02,29.6875,21.875,24.21875,28.125,25.9765625,87.14275,6.87340546,1.01411819,41,139,405.000031,278,0,0,0,4096,75,4021,1.83105469,38,14106,2034,94.26927,24,55.2619171
12/11/2018 08:37:03,21.09375,10.9375,14.84375,22.65625,17.3828125,86.94616,6.85789871,1.02962494,41,139,405.000031,278,0,0,0,4096,75,4021,1.83105469,38,14106,2034,94.26927,24,55.2619171
12/11/2018 08:37:05,24.3421078,15.7894726,25,17.1052628,20.55921,86.2503,6.803013,1.0845108,41,139,405.000031,278,0,0,0,4096,75,4021,1.83105469,38,14106,2034,94.26927,24,55.2619171
12/11/2018 08:37:05,30.76923,29.8076935,39.4230728,32.6923065,33.1730728,86.3149643,6.808113,1.07941055,41,139,405.000031,278,0,0,0,4096,75,4021,1.83105469,38,14106,2034,94.26927,24,55.2619171
12/11/2018 08:37:06,20.3125,15.625,16.40625,22.65625,18.75,86.48608,6.8216095,1.06591415,41,139,405.000031,278,0,0,0,4096,75,4021,1.83105469,38,14106,2034,94.26927,24,55.2619171
12/11/2018 08:37:07,24.21875,20.3125,11.71875,35.9375,23.046875,87.3306,6.88822174,0.9993019,41,139,405.000031,278,0,0,0,4096,75,4021,1.83105469,38,14106,2034,94.26927,24,55.2619171
12/11/2018 08:37:08,19.53125,18.75,10.15625,25.78125,18.5546875,86.72896,6.840767,1.04675674,41,139,405.000031,278,0,0,0,4096,75,4021,1.83105469,38,14106,2034,94.26927,24,55.2619171
12/11/2018 08:37:09,21.09375,7.8125,15.625,15.625,15.0390625,86.18119,6.79756165,1.089962,41,139,405.000031,278,0,0,0,4096,75,4021,1.83105469,38,14106,2034,94.26927,24,55.2619171
12/11/2018 08:37:10,25,15.625,14.0625,22.65625,19.3359375,86.4124146,6.81579971,1.07172394,41,139,405.000031,278,0,0,0,4096,75,4021,1.83105469,38,14106,2034,94.26927,24,55.2619171
12/11/2018 08:37:11,24.21875,20.3125,36.71875,21.875,25.78125,86.58667,6.829544,1.05797958,41,139,405.000031,278,0,0,0,4096,75,4021,1.83105469,38,14106,2034,94.26927,24,55.2619171
12/11/2018 08:37:12,17.96875,13.28125,7.03125,21.09375,14.84375,85.95383,6.77962875,1.1078949,41,139,405.000031,278,0,0,0,4096,75,4021,1.83105469,38,14106,2034,94.26927,24,55.2619171
12/11/2018 08:37:13,28.90625,23.4375,17.1875,33.59375,25.78125,86.35704,6.811432,1.07609177,41,139,405.000031,278,0,0,0,4096,75,4021,1.83105469,38,14106,2034,94.26927,24,55.2619171
12/11/2018 08:37:14,17.1875,10.15625,10.15625,22.65625,15.0390625,85.92099,6.77703857,1.11048508,41,139,405.000031,278,0,0,0,4096,75,4021,1.83105469,38,14106,2034,94.26927,24,55.2619171
12/11/2018 08:37:20,26.29428,21.9346046,20.7084484,25.613081,23.6376038,84.5778351,6.671097,1.21642685,41,139,405.000031,278,0,0,0,4096,75,4021,1.83105469,38,14106,2034,94.26927,24,55.2619171
12/11/2018 08:37:21,8.59375,5.46875,10.9375,11.71875,9.1796875,83.89862,6.617523,1.27000046,41,139,405.000031,278,0,0,0,4096,75,4021,1.83105469,38,14106,2034,94.26927,24,55.2619171
12/11/2018 08:37:22,10.15625,7.8125,17.1875,13.28125,12.109375,83.56636,6.591316,1.29620743,41,139,405.000031,278,0,0,0,4096,75,4021,1.83105469,38,14106,2034,94.26927,24,55.2619171
12/11/2018 08:37:24,31.25,25,33.59375,39.0625,32.2265625,83.96739,6.62294769,1.264576,41,139,405.000031,278,0,0,0,4096,75,4021,1.83105469,41,14109,2034,94.95244,24,55.2619171
12/11/2018 08:37:25,21.5277786,15.2777786,25.6944427,21.0191727,20.8797932,82.70538,6.523407,1.36411667,41,139,405.000031,278,0,0,0,4096,75,4021,1.83105469,41,14109,2034,94.95244,24,55.2619171
12/11/2018 08:37:25,17.8571472,11.6071405,15.1785736,11.4818335,14.0311718,82.4925842,6.50662231,1.38090134,41,139,405.000031,278,0,0,0,4096,75,4021,1.83105469,41,14109,2034,94.95244,24,55.2619171
12/11/2018 08:37:26,21.09375,22.65625,35.15625,26.5625,26.3671875,82.55237,6.51133728,1.37618637,41,139,405.000031,278,0,0,0,4096,75,4021,1.83105469,41,14109,2034,94.95244,24,55.2619171
12/11/2018 08:37:27,27.34375,21.09375,17.1875,39.84375,26.3671875,82.72952,6.52531052,1.36221313,41,139,405.000031,278,0,0,0,4096,75,4021,1.83105469,41,14109,2034,94.95244,24,55.2619171
12/11/2018 08:37:28,33.59375,15.625,19.53125,35.9375,26.171875,82.36428,6.496502,1.39102173,41,139,405.000031,278,0,0,0,4096,75,4021,1.83105469,41,14109,2034,94.95244,24,55.2619171
12/11/2018 08:37:29,12.5,5.46875,9.375,23.4375,12.6953125,81.79039,6.45123672,1.43628693,41,139,405.000031,278,0,0,0,4096,75,4021,1.83105469,41,14109,2034,94.95244,24,55.2619171
12/11/2018 08:37:30,25.78125,17.96875,23.4375,25,23.046875,79.46115,6.267517,1.62000656,41,139,405.000031,278,0,0,0,4096,75,4021,1.83105469,41,14109,2034,94.95244,24,55.2619171
12/11/2018 08:37:31,22.65625,9.375,7.03125,25.78125,16.2109375,79.4104156,6.26351547,1.62400818,41,139,405.000031,278,0,0,0,4096,75,4021,1.83105469,41,14109,2034,94.95244,24,55.2619171
12/11/2018 08:37:32,25,12.5,8.59375,34.375,20.1171875,78.35498,6.18026733,1.70725632,41,139,405.000031,278,0,0,0,4096,75,4021,1.83105469,41,14109,2034,94.95244,24,55.2619171
12/11/2018 08:37:33,33.59375,22.65625,18.75,39.0625,28.515625,77.2983246,6.096924,1.79059982,41,139,405.000031,278,0,0,0,4096,75,4021,1.83105469,41,14109,2034,94.95244,24,55.2619171
12/11/2018 08:37:34,21.875,14.84375,10.15625,32.8125,19.921875,77.73723,6.131542,1.75598145,41,139,405.000031,278,0,0,0,4096,75,4021,1.83105469,41,14109,2034,94.95244,24,55.2619171
12/11/2018 08:37:35,11.71875,9.375,10.9375,20.3125,13.0859375,77.76039,6.13336945,1.75415421,41,139,405.000031,278,0,0,0,4096,75,4021,1.83105469,41,14109,2034,94.95244,24,55.2619171
12/11/2018 08:37:36,9.375,7.03125,7.8125,17.96875,10.546875,77.40197,6.10509872,1.78242493,41,139,405.000031,278,0,0,0,4096,75,4021,1.83105469,41,14109,2034,94.95244,24,55.2619171
12/11/2018 08:37:37,25.78125,15.625,18.75,21.09375,20.3125,76.79941,6.05757141,1.82995224,41,139,405.000031,278,0,0,0,4096,75,4021,1.83105469,41,14109,2034,94.95244,24,55.2619171
12/11/2018 08:37:38,30.1201935,18.6177845,16.9230766,19.4110565,21.2680283,77.18501,6.087986,1.79953766,41,139,405.000031,278,0,0,0,4096,75,4021,1.83105469,41,14109,2034,94.95244,24,55.2619171
12/11/2018 08:37:40,9.006393,3.27535868,2.868855,7.323736,5.618584,76.27732,6.01639175,1.8711319,41,139,405.000031,278,0,0,0,4096,75,4021,1.83105469,41,14109,2034,94.95244,24,55.2619171
12/11/2018 08:37:41,28.22581,8.06452,11.2903233,12.0967751,14.9193525,76.6119,6.042782,1.84474182,41,139,405.000031,278,0,0,0,4096,75,4021,1.83105469,41,14109,2034,94.95244,24,55.2619171
12/11/2018 08:37:42,13.28125,7.8125,5.46875,23.4375,12.5,76.7977142,6.057438,1.83008575,41,139,405.000031,278,0,0,0,4096,75,4021,1.83105469,41,14109,2034,94.95244,24,55.2619171
12/11/2018 08:37:43,20.3125,7.03125,4.6875,21.875,13.4765625,77.24024,6.09234238,1.79518127,41,139,405.000031,278,0,0,0,4096,75,4021,1.83105469,41,14109,2034,94.95244,24,55.2619171
12/11/2018 08:37:44,16.40625,8.59375,7.8125,14.84375,11.9140625,77.15875,6.08591461,1.801609,41,139,405.000031,278,0,0,0,4096,75,4021,1.83105469,41,14109,2034,94.95244,24,55.2619171
12/11/2018 08:37:46,18.8073387,7.79816532,14.2201843,15.6600418,14.1214371,76.29957,6.01814651,1.86937714,41,139,405.000031,278,0,0,0,4096,75,4021,1.83105469,41,14109,2034,94.95244,24,55.2619171
12/11/2018 08:37:47,28.90625,9.375,7.03125,10.9375,14.0625,76.5360641,6.03680038,1.85072327,41,139,405.000031,278,0,0,0,4096,75,4021,1.83105469,41,14109,2034,94.95244,24,55.2619171
12/11/2018 08:37:48,33.59375,14.84375,7.03125,10.15625,16.40625,76.60987,6.04262161,1.844902,41,139,405.000031,278,0,0,0,4096,75,4021,1.83105469,41,14109,2034,94.95244,24,55.2619171
12/11/2018 08:37:49,40.625,18.75,12.5,7.03125,19.7265625,76.6288757,6.044121,1.84340286,41,139,405.000031,278,0,0,0,4096,75,4021,1.83105469,41,14109,2034,94.95244,24,55.2619171
12/11/2018 08:37:50,32.8125,10.15625,8.59375,10.9375,15.625,76.71719,6.05108643,1.83643723,41,139,405.000031,278,0,0,0,4096,75,4021,1.83105469,41,14109,2034,94.95244,24,55.2619171
12/11/2018 08:37:51,26.5625,8.59375,12.5,15.625,15.8203125,77.22602,6.091221,1.7963028,41,139,405.000031,278,0,0,0,4096,75,4021,1.83105469,41,14109,2034,94.95244,24,55.2619171
12/11/2018 08:37:52,16.40625,6.25,14.0625,27.34375,16.015625,77.45058,6.1089325,1.77859116,41,139,405.000031,278,0,0,0,4096,75,4021,1.83105469,41,14109,2034,94.95244,24,55.2619171
12/11/2018 08:37:54,9.589041,4.794526,6.849313,16.4383526,9.417809,76.38899,6.0252,1.86232376,41,139,405.000031,278,0,0,0,4096,75,4021,1.83105469,42,14111,2034,95.5625839,24,55.2619171
12/11/2018 08:37:54,10.9090919,3.63636017,2.72727013,26.363636,10.9090919,76.30794,6.01880646,1.86871719,41,139,405.000031,278,0,0,0,4096,75,4021,1.83105469,42,14111,2034,95.5625839,24,55.2619171
12/11/2018 08:37:55,20.3125,10.9375,10.9375,27.34375,17.3828125,76.56503,6.03908539,1.84843826,41,139,405.000031,278,0,0,0,4096,75,4021,1.83105469,42,14111,2034,95.5625839,24,55.2619171
12/11/2018 08:37:56,35.15625,35.15625,28.90625,35.9375,33.7890625,77.3883362,6.104023,1.78350067,41,139,405.000031,278,0,0,0,4096,75,4021,1.83105469,42,14111,2034,95.5625839,24,55.2619171
12/11/2018 08:37:57,39.0625,42.96875,39.0625,42.1875,40.8203125,77.44898,6.10880661,1.778717,41,139,405.000031,278,0,0,0,4096,75,4021,1.83105469,42,14111,2034,95.5625839,24,55.2619171
12/11/2018 08:37:58,37.5,29.6875,31.25,43.75,35.546875,77.3661346,6.102272,1.78525162,41,139,405.000031,278,0,0,0,4096,75,4021,1.83105469,42,14111,2034,95.5625839,24,55.2619171
12/11/2018 08:37:59,31.25,32.8125,21.09375,34.375,29.8828125,77.18438,6.0879364,1.79958725,41,139,405.000031,278,0,0,0,4096,75,4021,1.83105469,42,14111,2034,95.5625839,24,55.2619171
12/11/2018 08:38:00,36.71875,35.15625,25,35.9375,33.203125,78.0063248,6.152767,1.73475647,41,139,405.000031,278,0,0,0,4096,75,4021,1.83105469,42,14111,2034,95.5625839,24,55.2619171
12/11/2018 08:38:01,37.5,26.5625,28.90625,34.375,31.8359375,77.5829,6.11936951,1.76815414,41,139,405.000031,278,0,0,0,4096,75,4021,1.83105469,42,14111,2034,95.5625839,24,55.2619171
12/11/2018 08:38:02,46.09375,37.5,37.5,41.40625,40.625,79.13678,6.241932,1.64559174,41,139,405.000031,278,0,0,0,4096,75,4021,1.83105469,42,14111,2034,95.5625839,24,55.2619171
12/11/2018 08:38:03,52.34375,42.96875,39.84375,48.4375,45.8984375,78.95459,6.227562,1.6599617,41,139,405.000031,278,0,0,0,4096,75,4021,1.83105469,42,14111,2034,95.5625839,24,55.2619171
12/11/2018 08:38:05,43.98148,43.0555573,39.81482,43.0555573,42.4768562,78.3617,6.18079758,1.70672607,41,139,405.000031,278,0,0,0,4096,75,4021,1.83105469,42,14111,2034,95.5625839,24,55.2619171
12/11/2018 08:38:06,56.25,52.34375,35.9375,50.78125,48.828125,78.734436,6.21019745,1.6773262,41,139,405.000031,278,0,0,0,4096,75,4021,1.83105469,42,14111,2034,95.5625839,24,55.2619171
12/11/2018 08:38:07,54.6875,34.375,39.0625,35.9375,41.015625,79.3123856,6.255783,1.63174057,42,139,405.000031,278,0,0,0,4096,75,4021,1.83105469,42,14111,2034,95.5625839,24,55.2619171
12/11/2018 08:38:08,53.125,35.9375,42.96875,42.96875,43.75,79.21595,6.24817657,1.63934708,42,139,405.000031,278,0,0,0,4096,75,4021,1.83105469,42,14111,2034,95.5625839,24,55.2619171
12/11/2018 08:38:09,53.90625,51.5625,50,53.125,52.1484375,80.6935043,6.36471939,1.52280426,42,139,405.000031,278,0,0,0,4096,75,4021,1.83105469,42,14111,2034,95.5625839,24,55.2619171
12/11/2018 08:38:10,44.53125,27.34375,39.0625,46.875,39.453125,81.032196,6.39143372,1.49608994,42,139,405.000031,278,0,0,0,4096,75,4021,1.83105469,42,14111,2034,95.5625839,24,55.2619171
12/11/2018 08:38:11,55.46875,49.21875,47.65625,45.3125,49.4140625,81.10948,6.3975296,1.489994,42,139,405.000031,278,0,0,0,4096,75,4021,1.83105469,42,14111,2034,95.5625839,24,55.2619171
12/11/2018 08:38:12,50,40.625,28.125,36.71875,38.8671875,80.94635,6.38466263,1.502861,42,139,405.000031,278,0,0,0,4096,75,4021,1.83105469,42,14111,2034,95.5625839,24,55.2619171
12/11/2018 08:38:13,42.1875,47.65625,41.40625,40.625,42.96875,81.11969,6.3983345,1.48918915,42,139,405.000031,278,0,0,0,4096,75,4021,1.83105469,42,14111,2034,95.5625839,24,55.2619171
12/11/2018 08:38:14,54.6875,38.28125,45.3125,43.75,45.5078125,80.98582,6.38777542,1.49974823,42,139,405.000031,278,0,0,0,4096,75,4021,1.83105469,42,14111,2034,95.5625839,24,55.2619171
12/11/2018 08:38:15,53.90625,41.40625,53.125,53.125,50.390625,81.74948,6.44800949,1.43951416,42,139,405.000031,278,0,0,0,4096,75,4021,1.83105469,42,14111,2034,95.5625839,24,55.2619171
12/11/2018 08:38:16,30.46875,26.5625,35.9375,29.6875,30.6640625,81.8093,6.45272827,1.43479538,42,139,405.000031,278,0,0,0,4096,75,4021,1.83105469,42,14111,2034,95.5625839,24,55.2619171
12/11/2018 08:38:17,25,23.4375,29.6875,28.125,26.5625,80.67779,6.36347961,1.524044,42,139,405.000031,278,0,0,0,4096,75,4021,1.83105469,42,14111,2034,95.5625839,24,55.2619171
12/11/2018 08:38:18,12.5,7.03125,24.21875,10.15625,13.4765625,80.7417755,6.36852646,1.51899719,42,139,405.000031,278,0,0,0,4096,75,4021,1.83105469,42,14111,2034,95.5625839,24,55.2619171
12/11/2018 08:38:19,16.40625,14.0625,28.90625,19.53125,19.7265625,80.9371643,6.383938,1.50358582,42,139,405.000031,278,0,0,0,4096,75,4021,1.83105469,42,14111,2034,95.5625839,24,55.2619171
12/11/2018 08:38:20,9.375,5.46875,22.65625,12.5,12.5,80.47548,6.34752274,1.54000092,42,139,405.000031,278,0,0,0,4096,75,4021,1.83105469,42,14111,2034,95.5625839,24,55.2619171
12/11/2018 08:38:21,6.25,3.90625,24.21875,8.59375,10.7421875,80.672905,6.36309433,1.52442932,42,139,405.000031,278,0,0,0,4096,75,4021,1.83105469,42,14111,2034,95.5625839,24,55.2619171
12/11/2018 08:38:22,14.84375,10.15625,24.21875,25,18.5546875,80.68852,6.36432648,1.52319717,42,139,405.000031,278,0,0,0,4096,75,4021,1.83105469,42,14111,2034,95.5625839,24,55.2619171
12/11/2018 08:38:23,32.8125,24.21875,21.875,25.78125,26.171875,80.30249,6.33387756,1.55364609,42,139,405.000031,278,0,0,0,4096,75,4021,1.83105469,42,14112,2035,96.08079,26,55.2619171
12/11/2018 08:38:24,28.90625,20.3125,10.15625,26.5625,21.484375,80.0247345,6.31196976,1.57555389,42,139,405.000031,278,0,0,0,4096,75,4021,1.83105469,42,14112,2035,96.08079,26,55.2619171
12/11/2018 08:38:25,42.96875,30.46875,25,46.875,36.328125,80.0677261,6.315361,1.57216263,42,139,405.000031,278,0,0,0,4096,75,4021,1.83105469,42,14112,2035,96.08079,26,55.2619171
12/11/2018 08:38:26,44.53125,24.21875,28.125,40.625,34.375,79.98251,6.30863953,1.57888412,42,139,405.000031,278,0,0,0,4096,75,4021,1.83105469,42,14112,2035,96.08079,26,55.2619171
12/11/2018 08:38:27,68.75,61.71875,62.5,62.5,63.8671875,80.36115,6.338505,1.54901886,42,139,405.000031,278,0,0,0,4096,75,4021,1.83105469,42,14112,2035,96.08079,26,55.2619171
12/11/2018 08:38:28,56.25,53.125,46.09375,49.21875,51.171875,80.52394,6.351345,1.53617859,42,139,405.000031,278,0,0,0,4096,75,4021,1.83105469,42,14112,2035,96.08079,26,55.2619171
12/11/2018 08:38:29,39.0625,30.46875,34.375,47.65625,37.890625,80.77457,6.371113,1.51641083,42,139,405.000031,278,0,0,0,4096,75,4021,1.83105469,42,14112,2035,96.08079,26,55.2619171
12/11/2018 08:38:30,37.5,37.5,53.125,43.75,42.96875,81.27344,6.41046143,1.47706223,42,139,405.000031,278,0,0,0,4096,75,4021,1.83105469,42,14112,2035,96.08079,26,55.2619171
12/11/2018 08:38:31,43.75,38.28125,39.84375,40.625,40.625,81.5224152,6.43009949,1.45742416,42,139,405.000031,278,0,0,0,4096,75,4021,1.83105469,42,14112,2035,96.08079,26,55.2619171
12/11/2018 08:38:32,53.125,45.3125,46.875,49.21875,48.6328125,81.20181,6.404812,1.48271179,42,139,405.000031,278,0,0,0,4096,75,4021,1.83105469,42,14112,2035,96.08079,26,55.2619171
12/11/2018 08:38:33,18.75,16.40625,17.1875,25.78125,19.53125,81.16815,6.402157,1.48536682,42,139,405.000031,278,0,0,0,4096,75,4021,1.83105469,42,14112,2035,96.08079,26,55.2619171
12/11/2018 08:38:34,36.71875,21.09375,16.40625,28.90625,25.78125,80.84145,6.37638855,1.5111351,42,139,405.000031,278,0,0,0,4096,75,4021,1.83105469,42,14112,2035,96.08079,26,55.2619171
12/11/2018 08:38:35,17.1875,15.625,18.75,20.3125,17.96875,80.4958954,6.34913254,1.53839111,42,139,405.000031,278,0,0,0,4096,75,4021,1.83105469,42,14112,2035,96.08079,26,55.2619171
12/11/2018 08:38:36,26.5625,17.96875,14.0625,28.90625,21.875,80.91327,6.38205338,1.50547028,42,139,405.000031,278,0,0,0,4096,75,4021,1.83105469,42,14112,2035,96.08079,26,55.2619171
12/11/2018 08:38:37,27.34375,18.75,27.34375,33.59375,26.7578125,81.05188,6.3929863,1.49453735,42,139,405.000031,278,0,0,0,4096,75,4021,1.83105469,42,14112,2035,96.08079,26,55.2619171
12/11/2018 08:38:39,25,26.9230728,17.9487171,23.0769215,23.23718,79.69992,6.28635025,1.6011734,42,139,405.000031,278,0,0,0,4096,75,4021,1.83105469,42,14112,2035,96.08079,26,55.2619171
12/11/2018 08:38:39,15.9999962,13.9999981,12,26.9999981,17.2499962,79.52175,6.272297,1.61522675,42,139,405.000031,278,0,0,0,4096,75,4021,1.83105469,42,14112,2035,96.08079,26,55.2619171
12/11/2018 08:38:40,14.0625,18.75,13.28125,22.65625,17.1875,79.55599,6.27499771,1.61252594,42,139,405.000031,278,0,0,0,4096,75,4021,1.83105469,42,14112,2035,96.08079,26,55.2619171
12/11/2018 08:38:41,27.34375,16.40625,12.5,31.25,21.875,79.85261,6.29839325,1.5891304,42,139,405.000031,278,0,0,0,4096,75,4021,1.83105469,42,14112,2035,96.08079,26,55.2619171
12/11/2018 08:38:42,28.90625,17.1875,21.875,32.03125,25,79.97313,6.30789948,1.57962418,42,139,405.000031,278,0,0,0,4096,75,4021,1.83105469,42,14112,2035,96.08079,26,55.2619171
12/11/2018 08:38:43,27.34375,28.125,14.84375,28.90625,24.8046875,79.89696,6.30189133,1.58563232,42,139,405.000031,278,0,0,0,4096,75,4021,1.83105469,42,14112,2035,96.08079,26,55.2619171
12/11/2018 08:38:44,31.3864117,19.7544632,14.84375,25.78125,22.9414711,79.86426,6.29931259,1.588211,42,139,405.000031,278,0,0,0,4096,75,4021,1.83105469,42,14112,2035,96.08079,26,55.2619171
12/11/2018 08:38:45,27.1875019,22.3918266,13.28125,35.15625,24.5042076,79.6724548,6.2841835,1.60334015,42,139,405.000031,278,0,0,0,4096,75,4021,1.83105469,42,14112,2035,96.08079,26,55.2619171
12/11/2018 08:38:46,34.375,23.4375,15.625,27.34375,25.1953125,79.6237,6.28033829,1.60718536,42,139,405.000031,278,0,0,0,4096,75,4021,1.83105469,42,14112,2035,96.08079,26,55.2619171
12/11/2018 08:38:47,32.03125,21.09375,18.75,27.34375,24.8046875,79.58163,6.2770195,1.61050415,42,139,405.000031,278,0,0,0,4096,75,4021,1.83105469,42,14112,2035,96.08079,26,55.2619171
12/11/2018 08:38:48,29.6875,19.53125,12.5,25,21.6796875,79.57834,6.27676,1.61076355,42,139,405.000031,278,0,0,0,4096,75,4021,1.83105469,42,14112,2035,96.08079,26,55.2619171
12/11/2018 08:38:49,28.90625,17.96875,7.8125,25.78125,20.1171875,79.64459,6.281986,1.60553741,42,139,405.000031,278,0,0,0,4096,75,4021,1.83105469,42,14112,2035,96.08079,26,55.2619171
12/11/2018 08:38:50,33.59375,21.09375,23.4375,28.90625,26.7578125,79.6075,6.27906036,1.60846329,42,139,405.000031,278,0,0,0,4096,75,4021,1.83105469,42,14112,2035,96.08079,26,55.2619171
12/11/2018 08:38:51,25.78125,25,21.09375,25.78125,24.4140625,79.65383,6.282715,1.60480881,42,139,405.000031,278,0,0,0,4096,75,4021,1.83105469,42,14112,2035,96.08079,26,55.2619171
12/11/2018 08:38:52,46.875,32.8125,28.125,32.03125,34.9609375,79.68125,6.284878,1.60264587,42,139,405.000031,278,0,0,0,4096,75,4021,1.83105469,42,14112,2035,96.08079,26,55.2619171
12/11/2018 08:38:53,53.125,38.28125,40.625,33.59375,41.40625,80.06202,6.314911,1.57261276,42,139,405.000031,278,0,0,0,4096,75,4021,1.83105469,42,14114,2035,96.31101,26,55.2619171
12/11/2018 08:38:54,46.875,32.8125,28.125,26.5625,33.59375,79.94542,6.30571365,1.58181,42,139,405.000031,278,0,0,0,4096,75,4021,1.83105469,42,14114,2035,96.31101,26,55.2619171
12/11/2018 08:38:55,53.125,47.65625,45.3125,50.78125,49.21875,80.31705,6.335026,1.55249786,42,139,405.000031,278,0,0,0,4096,75,4021,1.83105469,42,14114,2035,96.31101,26,55.2619171
12/11/2018 08:38:56,50,44.53125,34.375,41.40625,42.578125,80.39877,6.34147263,1.546051,42,139,405.000031,278,0,0,0,4096,75,4021,1.83105469,42,14114,2035,96.31101,26,55.2619171
12/11/2018 08:38:57,77.34375,75,75.78125,67.96875,74.02344,80.22839,6.32803345,1.5594902,42,139,405.000031,278,0,0,0,4096,75,4021,1.83105469,42,14114,2035,96.31101,26,55.2619171
12/11/2018 08:38:58,33.59375,31.25,28.90625,39.84375,33.3984375,80.34461,6.3372,1.55032349,42,139,405.000031,278,0,0,0,4096,75,4021,1.83105469,42,14114,2035,96.31101,26,55.2619171
12/11/2018 08:38:59,38.28125,32.03125,22.65625,39.0625,33.0078125,80.66594,6.362545,1.52497864,42,139,405.000031,278,0,0,0,4096,75,4021,1.83105469,42,14114,2035,96.31101,26,55.2619171
12/11/2018 08:39:00,48.4375,45.3125,30.46875,36.71875,40.234375,80.28551,6.3325386,1.554985,42,139,405.000031,278,0,0,0,4096,75,4021,1.83105469,42,14114,2035,96.31101,26,55.2619171
12/11/2018 08:39:01,45.3125,39.0625,25.78125,32.8125,35.7421875,80.4984055,6.349331,1.53819275,42,139,405.000031,278,0,0,0,4096,75,4021,1.83105469,42,14114,2035,96.31101,26,55.2619171
12/11/2018 08:39:02,39.84375,21.875,17.1875,25.78125,26.171875,80.17728,6.32400131,1.56352234,42,139,405.000031,278,0,0,0,4096,75,4021,1.83105469,42,14114,2035,96.31101,26,55.2619171
12/11/2018 08:39:03,40.625,20.3125,22.65625,17.96875,25.390625,80.08306,6.31657028,1.57095337,42,139,405.000031,278,0,0,0,4096,75,4021,1.83105469,42,14114,2035,96.31101,26,55.2619171
12/11/2018 08:39:04,48.4375,28.90625,31.25,28.90625,34.375,79.46787,6.26804733,1.61947632,42,139,405.000031,278,0,0,0,4096,75,4021,1.83105469,42,14114,2035,96.31101,26,55.2619171
12/11/2018 08:39:05,36.71875,16.40625,15.625,16.40625,21.2890625,78.50757,6.1923027,1.695221,42,139,405.000031,278,0,0,0,4096,75,4021,1.83105469,42,14114,2035,96.31101,26,55.2619171
12/11/2018 08:39:06,46.09375,24.21875,25,25.78125,30.2734375,69.11669,5.45159531,2.43592834,42,139,405.000031,278,0,0,0,4096,75,4021,1.83105469,42,14114,2035,96.31101,26,55.2619171
12/11/2018 08:39:07,32.03125,9.375,9.375,13.28125,16.015625,68.79884,5.426525,2.46099854,42,139,405.000031,278,0,0,0,4096,75,4021,1.83105469,42,14114,2035,96.31101,26,55.2619171
12/11/2018 08:39:08,38.28125,14.84375,8.59375,16.40625,19.53125,68.59543,5.4104805,2.47704315,42,139,405.000031,278,0,0,0,4096,75,4021,1.83105469,42,14114,2035,96.31101,26,55.2619171
12/11/2018 08:39:09,27.34375,16.4558525,16.40625,14.84375,18.7623978,64.19056,5.0630455,2.82447815,42,139,405.000031,278,0,0,0,4096,93.09766,4002.90234,2.272892,42,14114,2035,96.31101,26,55.2619171
12/11/2018 08:39:10,39.0625,14.0384617,11.71875,16.40625,20.3064919,64.4873657,5.0864563,2.80106735,42,139,405.000031,278,0,0,0,4096,97.59766,3998.40234,2.38275528,42,14114,2035,96.31101,26,55.2619171
12/11/2018 08:39:11,42.1875,25,25,21.875,28.515625,65.17462,5.140663,2.7468605,42,139,405.000031,278,0,0,0,4096,121.472656,3974.52734,2.965641,42,14114,2035,96.31101,26,55.2619171
12/11/2018 08:39:12,49.21875,32.03125,25,21.09375,31.8359375,63.2731972,4.99068832,2.89683533,42,139,405.000031,278,0,0,0,4096,121.472656,3974.52734,2.965641,42,14114,2035,96.31101,26,55.2619171
12/11/2018 08:39:13,39.0625,13.28125,12.5,15.625,20.1171875,63.22933,4.98722839,2.90029526,42,139,405.000031,278,0,0,0,4096,121.472656,3974.52734,2.965641,42,14114,2035,96.31101,26,55.2619171
12/11/2018 08:39:14,35.15625,16.40625,21.875,29.6875,25.78125,63.3838043,4.99941254,2.888111,42,139,405.000031,278,0,0,0,4096,121.472656,3974.52734,2.965641,42,14114,2035,96.31101,26,55.2619171
12/11/2018 08:39:15,34.375,27.34375,17.96875,43.75,30.859375,62.83299,4.955967,2.9315567,42,139,405.000031,278,0,0,0,4096,121.472656,3974.52734,2.965641,42,14114,2035,96.31101,26,55.2619171
12/11/2018 08:39:16,22.65625,7.8125,10.15625,37.5,19.53125,62.6229935,4.93940353,2.94812,42,139,405.000031,278,0,0,0,4096,121.472656,3974.52734,2.965641,42,14114,2035,96.31101,26,55.2619171
12/11/2018 08:39:17,24.21875,8.59375,12.5,36.71875,20.5078125,62.7454529,4.94906235,2.9384613,42,139,405.000031,278,0,0,0,4096,121.472656,3974.52734,2.965641,42,14114,2035,96.31101,26,55.2619171
12/11/2018 08:39:18,19.53125,11.71875,10.15625,33.59375,18.75,62.7376671,4.948448,2.93907547,42,139,405.000031,278,0,0,0,4096,121.472656,3974.52734,2.965641,42,14114,2035,96.31101,26,55.2619171
12/11/2018 08:39:19,23.4375,8.59375,9.375,26.5625,16.9921875,63.1967354,4.98465729,2.90286636,42,139,405.000031,278,0,0,0,4096,121.472656,3974.52734,2.965641,42,14114,2035,96.31101,26,55.2619171
12/11/2018 08:39:20,14.84375,7.8125,5.46875,3.90625,8.0078125,62.97223,4.96694946,2.92057419,42,139,405.000031,278,0,0,0,4096,121.472656,3974.52734,2.965641,42,14114,2035,96.31101,26,55.2619171
12/11/2018 08:39:21,22.65625,10.15625,25,6.25,16.015625,62.87821,4.95953369,2.92799,42,139,405.000031,278,0,0,0,4096,121.472656,3974.52734,2.965641,42,14114,2035,96.31101,26,55.2619171
12/11/2018 08:39:22,26.5625,35.9375,17.96875,32.03125,28.125,63.0029869,4.96937561,2.918148,42,139,405.000031,278,0,0,0,4096,75,4021,1.83105469,42,14114,2035,96.31101,26,55.2619171
12/11/2018 08:39:23,10.9375,6.25,7.03125,5.46875,7.421875,63.11234,4.97800064,2.909523,41,139,405.000031,278,0,0,0,4096,75,4021,1.83105469,41,14115,2035,95.33288,26,55.2619171
12/11/2018 08:39:24,22.65625,15.625,14.84375,25,19.53125,64.32632,5.07375336,2.81377029,41,139,405.000031,278,0,0,0,4096,75,4021,1.83105469,41,14115,2035,95.33288,26,55.2619171
12/11/2018 08:39:25,23.4375,15.625,22.65625,16.40625,19.53125,64.40379,5.0798645,2.80765915,41,139,405.000031,278,0,0,0,4096,75,4021,1.83105469,41,14115,2035,95.33288,26,55.2619171
12/11/2018 08:39:26,31.25,27.34375,33.59375,28.125,30.078125,64.18626,5.062706,2.82481766,41,139,405.000031,278,0,0,0,4096,75,4021,1.83105469,41,14115,2035,95.33288,26,55.2619171
12/11/2018 08:39:27,16.40625,20.3125,25.78125,29.6875,23.046875,64.2866058,5.07062149,2.81690216,41,139,405.000031,278,0,0,0,4096,75,4021,1.83105469,41,14115,2035,95.33288,26,55.2619171
12/11/2018 08:39:28,14.0625,4.6875,16.40625,10.15625,11.328125,64.19288,5.06322861,2.824295,41,139,405.000031,278,0,0,0,4096,75,4021,1.83105469,41,14115,2035,95.33288,26,55.2619171
12/11/2018 08:39:29,23.4375,7.8125,23.4375,15.625,17.578125,64.21126,5.064678,2.82284546,41,139,405.000031,278,0,0,0,4096,75,4021,1.83105469,41,14115,2035,95.33288,26,55.2619171
12/11/2018 08:39:30,31.25,10.15625,26.5625,39.84375,26.953125,64.28443,5.07045,2.81707382,41,139,405.000031,278,0,0,0,4096,75,4021,1.83105469,41,14115,2035,95.33288,26,55.2619171
12/11/2018 08:39:31,17.1875,8.59375,18.75,15.625,15.0390625,64.116806,5.057228,2.83029556,41,139,405.000031,278,0,0,0,4096,75,4021,1.83105469,41,14115,2035,95.33288,26,55.2619171
12/11/2018 08:39:32,42.1875,30.46875,39.0625,37.1651764,37.2209854,65.76068,5.18688965,2.700634,42,139,405.000031,278,0,0,0,4096,75,4021,1.83105469,41,14115,2035,95.33288,26,55.2619171
12/11/2018 08:39:33,27.34375,30.46875,43.75,27.04327,32.1514435,65.76847,5.187504,2.70001984,42,139,405.000031,278,0,0,0,4096,75,4021,1.83105469,41,14115,2035,95.33288,26,55.2619171
12/11/2018 08:39:34,34.375,30.46875,36.71875,34.375,33.984375,65.89422,5.197422,2.69010162,42,139,405.000031,278,0,0,0,4096,75,4021,1.83105469,41,14115,2035,95.33288,26,55.2619171
12/11/2018 08:39:35,50.78125,35.15625,53.90625,51.5625,47.8515625,65.2139359,5.1437645,2.74375916,42,139,405.000031,278,0,0,0,4096,75,4021,1.83105469,41,14115,2035,95.33288,26,55.2619171
12/11/2018 08:39:36,51.5625,28.125,56.25,53.90625,47.4609375,65.0525,5.131031,2.75649261,42,139,405.000031,278,0,0,0,4096,75,4021,1.83105469,41,14115,2035,95.33288,26,55.2619171
12/11/2018 08:39:37,38.28125,11.71875,41.40625,23.4375,28.7109375,65.24818,5.1464653,2.74105835,42,139,405.000031,278,0,0,0,4096,75,4021,1.83105469,41,14115,2035,95.33288,26,55.2619171
12/11/2018 08:39:38,35.15625,33.59375,37.5,30.46875,34.1796875,65.37073,5.15613174,2.731392,42,139,405.000031,278,0,0,0,4096,75,4021,1.83105469,41,14115,2035,95.33288,26,55.2619171
12/11/2018 08:39:39,43.75,27.34375,50.78125,42.96875,41.2109375,64.85,5.115059,2.77246475,42,139,405.000031,278,0,0,0,4096,75,4021,1.83105469,41,14115,2035,95.33288,26,55.2619171
12/11/2018 08:39:40,57.8125,52.34375,62.5,54.6875,56.8359375,64.69838,5.1031,2.78442383,42,139,405.000031,278,0,0,0,4096,75,4021,1.83105469,41,14115,2035,95.33288,26,55.2619171
12/11/2018 08:39:41,46.875,43.75,62.5,52.34375,51.3671875,64.8030853,5.11135864,2.776165,42,139,405.000031,278,0,0,0,4096,77.35547,4018.64453,1.88856125,41,14115,2035,95.33288,26,55.2619171
12/11/2018 08:39:42,32.03125,22.8546619,27.34375,26.0292645,27.0647278,64.87669,5.11716461,2.770359,42,139,405.000031,278,0,0,0,4096,77.35547,4018.64453,1.88856125,41,14115,2035,95.33288,26,55.2619171
12/11/2018 08:39:43,19.53125,20.2884617,12.5,6.165862,14.6213951,64.9416962,5.12229156,2.765232,42,139,405.000031,278,0,0,0,4096,77.35547,4018.64453,1.88856125,41,14115,2035,95.33288,26,55.2619171
12/11/2018 08:39:44,38.4615364,10.0000019,3.8461566,3.076923,13.8461533,64.97352,5.12480164,2.762722,42,139,405.000031,278,0,0,0,4096,77.35547,4018.64453,1.88856125,41,14115,2035,95.33288,26,55.2619171
12/11/2018 08:39:45,47.6190453,33.3333321,33.3333321,38.8888855,38.2936478,65.3134155,5.15161133,2.73591232,43,1354.00012,3504.00024,2708.00024,9,1,0,4096,123.828125,3972.17188,3.02314758,41,14115,2035,95.33288,26,55.2619171
12/11/2018 08:39:46,28.125,16.40625,30.46875,21.875,24.21875,65.1936646,5.142166,2.74535751,43,1354.00012,3504.00024,2708.00024,0,0,0,4096,123.828125,3972.17188,3.02314758,41,14115,2035,95.33288,26,55.2619171
12/11/2018 08:39:47,27.34375,16.40625,35.15625,17.1875,24.0234375,65.6255646,5.17623138,2.71129227,43,1354.00012,3504.00024,2708.00024,0,0,0,4096,123.828125,3972.17188,3.02314758,41,14115,2035,95.33288,26,55.2619171
12/11/2018 08:39:48,31.25,17.1875,35.15625,19.53125,25.78125,64.8543,5.11539841,2.77212524,43,139,405.000031,278,0,0,0,4096,123.828125,3972.17188,3.02314758,41,14115,2035,95.33288,26,55.2619171
12/11/2018 08:39:49,34.375,23.4375,31.25,17.96875,26.7578125,64.86354,5.116127,2.77139664,43,139,405.000031,278,0,0,0,4096,123.828125,3972.17188,3.02314758,41,14115,2035,95.33288,26,55.2619171
12/11/2018 08:39:50,10.9375,5.518353,11.8675594,11.0615072,9.846229,64.8649445,5.11623764,2.771286,42,139,405.000031,278,0,0,0,4096,123.828125,3972.17188,3.02314758,41,14115,2035,95.33288,26,55.2619171
12/11/2018 08:39:51,15.625,8.473557,20.8293266,5.396634,12.5811281,64.96984,5.12451172,2.763012,42,139,405.000031,278,0,0,0,4096,123.828125,3972.17188,3.02314758,41,14115,2035,95.33288,26,55.2619171
12/11/2018 08:39:52,28.125,17.96875,31.25,15.625,23.2421875,65.15048,5.13875961,2.748764,42,139,405.000031,278,0,0,0,4096,123.828125,3972.17188,3.02314758,41,14115,2035,95.33288,26,55.2619171
12/11/2018 08:39:53,21.09375,21.875,21.1309547,12.5,19.1499233,65.6085358,5.17488861,2.712635,42,139,405.000031,278,0,0,0,4096,123.828125,3972.17188,3.02314758,40,14115,2036,95.3412857,26,55.2619171
12/11/2018 08:39:54,35.9375,20.3125,21.0456734,13.28125,22.6442337,65.72151,5.18379974,2.703724,42,139,405.000031,278,0,0,0,4096,123.828125,3972.17188,3.02314758,40,14115,2036,95.3412857,26,55.2619171
12/11/2018 08:39:55,21.09375,13.28125,28.125,13.28125,18.9453125,65.59721,5.173996,2.71352768,42,139,405.000031,278,2,1,0,4096,123.828125,3972.17188,3.02314758,40,14115,2036,95.3412857,26,55.2619171
12/11/2018 08:39:56,29.6875,14.0625,28.90625,21.09375,23.4375,65.54339,5.16975,2.71777344,42,139,405.000031,278,6,4,0,4096,123.828125,3972.17188,3.02314758,40,14115,2036,95.3412857,26,55.2619171
12/11/2018 08:39:57,37.5,36.71875,14.84375,12.5,25.390625,65.49077,5.1656,2.72192383,42,139,405.000031,278,0,0,0,4096,123.828125,3972.17188,3.02314758,40,14115,2036,95.3412857,26,55.2619171
12/11/2018 08:39:58,29.6875,16.40625,12.5,18.75,19.3359375,65.48399,5.165066,2.722458,42,139,405.000031,278,0,0,0,4096,123.828125,3972.17188,3.02314758,40,14115,2036,95.3412857,26,55.2619171
12/11/2018 08:39:59,10.9375,3.125,11.7311478,7.09325075,8.221727,65.83463,5.19272232,2.69480133,42,139,405.000031,278,0,0,0,4096,126.453125,3969.54688,3.0872345,40,14115,2036,95.3412857,26,55.2619171
12/11/2018 08:40:00,10.15625,28.125,11.6346121,10.96459,15.2201118,66.2271042,5.22367859,2.663845,42,139,405.000031,278,0,0,0,4096,126.453125,3969.54688,3.0872345,40,14115,2036,95.3412857,26,55.2619171
12/11/2018 08:40:01,12.5,14.84375,16.40625,16.9711533,15.18029,66.85143,5.27292252,2.61460114,42,139,405.000031,278,0,0,0,4096,130.597656,3965.40234,3.18841934,40,14115,2036,95.3412857,26,55.2619171
12/11/2018 08:40:02,13.28125,17.96875,17.1875,16.40625,16.2109375,66.50641,5.24570847,2.64181519,42,139,405.000031,278,0,0,0,4096,130.597656,3965.40234,3.18841934,40,14115,2036,95.3412857,26,55.2619171
12/11/2018 08:40:03,25,15.625,19.53125,16.40625,19.140625,66.60405,5.25341034,2.63411331,42,139,405.000031,278,0,0,0,4096,130.597656,3965.40234,3.18841934,40,14115,2036,95.3412857,26,55.2619171
12/11/2018 08:40:04,23.4375,21.09375,17.1875,30.46875,23.046875,66.42448,5.23924637,2.64827728,42,139,405.000031,278,0,0,0,4096,130.597656,3965.40234,3.18841934,40,14115,2036,95.3412857,26,55.2619171
12/11/2018 08:40:05,32.03125,27.34375,22.65625,18.75,25.1953125,66.66953,5.25857544,2.62894821,42,139,405.000031,278,0,0,0,4096,130.597656,3965.40234,3.18841934,40,14115,2036,95.3412857,26,55.2619171
12/11/2018 08:40:06,14.84375,17.1875,13.28125,18.75,16.015625,66.7078857,5.26160049,2.62592316,42,139,405.000031,278,0,0,0,4096,130.597656,3965.40234,3.18841934,40,14115,2036,95.3412857,26,55.2619171
12/11/2018 08:40:07,28.90625,21.875,25.78125,21.09375,24.4140625,66.36214,5.234329,2.65319443,42,139,405.000031,278,0,0,0,4096,130.597656,3965.40234,3.18841934,40,14115,2036,95.3412857,26,55.2619171
12/11/2018 08:40:08,30.46875,16.40625,26.5625,22.1850166,23.9056282,66.48711,5.2441864,2.64333725,42,139,405.000031,278,0,0,0,4096,130.597656,3965.40234,3.18841934,40,14115,2036,95.3412857,26,55.2619171
12/11/2018 08:40:09,18.75,25,19.53125,15.45673,19.684494,66.94574,5.280361,2.60716248,42,139,405.000031,278,0,0,0,4096,130.597656,3965.40234,3.18841934,40,14115,2036,95.3412857,26,55.2619171
12/11/2018 08:40:10,14.84375,9.375,8.59375,18.8616028,12.9185257,66.43831,5.24033737,2.64718628,42,139,405.000031,278,0,0,0,4096,130.597656,3965.40234,3.18841934,40,14115,2036,95.3412857,26,55.2619171
12/11/2018 08:40:11,17.1875,16.40625,14.0625,14.7475958,15.6009617,64.0386047,5.05105972,2.836464,0,139,405.000031,278,0,0,0,4096,75,4021,1.83105469,40,14115,2036,95.3412857,26,55.2619171
12/11/2018 08:40:12,12.5,7.03125,6.25,10.15625,8.984375,64.10442,5.05625153,2.83127213,0,139,405.000031,278,0,0,0,4096,75,4021,1.83105469,40,14115,2036,95.3412857,26,55.2619171
12/11/2018 08:40:13,21.09375,9.375,5.53075075,17.1875,13.2967529,63.67336,5.022251,2.86527252,0,139,405.000031,278,0,0,0,4096,75,4021,1.83105469,40,14115,2036,95.3412857,26,55.2619171
12/11/2018 08:40:14,10.15625,14.84375,10.0120182,3.90625,9.729565,63.5664749,5.01382065,2.873703,0,139,405.000031,278,0,0,0,4096,75,4021,1.83105469,40,14115,2036,95.3412857,26,55.2619171
12/11/2018 08:40:15,13.28125,14.84375,32.8125,10.15625,17.7734375,60.4045029,4.76441956,3.123104,0,139,405.000031,278,0,0,0,4096,75,4021,1.83105469,40,14115,2036,95.3412857,26,55.2619171
12/11/2018 08:40:16,6.25,2.34375,17.1875,6.25,8.0078125,60.35885,4.76081848,3.12670517,0,139,405.000031,278,0,0,0,4096,75,4021,1.83105469,40,14115,2036,95.3412857,26,55.2619171
12/11/2018 08:40:17,10.2058525,11.1111107,7.88690472,10.2678537,9.86793,60.95769,4.808052,3.07947159,0,139,405.000031,278,0,0,0,4096,75,4021,1.83105469,40,14115,2036,95.3412857,26,55.2619171
12/11/2018 08:40:18,7.764423,3.8461566,2.30768919,3.858173,4.44411039,60.85177,4.799698,3.08782578,0,139,405.000031,278,0,0,0,4096,75,4021,1.83105469,40,14115,2036,95.3412857,26,55.2619171
12/11/2018 08:40:19,7.03125,2.34375,1.5625,1.5625,3.125,60.79422,4.79515839,3.09236526,0,139,405.000031,278,0,0,0,4096,75,4021,1.83105469,40,14115,2036,95.3412857,26,55.2619171
12/11/2018 08:40:20,8.59375,0,2.36855149,7.03125,4.49838638,60.7899132,4.794819,3.09270477,0,139,405.000031,278,0,0,0,4096,75,4021,1.83105469,40,14115,2036,95.3412857,26,55.2619171
12/11/2018 08:40:21,3.125,0,2.34375,1.57489777,1.760912,60.8313637,4.798088,3.08943558,0,139,405.000031,278,0,0,0,4096,75,4021,1.83105469,40,14115,2036,95.3412857,26,55.2619171
12/11/2018 08:40:22,3.90625,3.90625,3.858173,5.396634,4.26682854,60.83673,4.79851151,3.08901215,0,139,405.000031,278,0,0,0,4096,75,4021,1.83105469,40,14115,2036,95.3412857,26,55.2619171
12/11/2018 08:40:24,19.53125,7.14285374,7.14285374,9.437,10.8134928,61.477066,4.849018,3.03850555,0,139,405.000031,278,0,0,0,4096,75,4021,1.83105469,40,14115,2036,95.36595,27,55.2619171
12/11/2018 08:40:24,4.6875,6.1899066,4.615384,8.545673,6.00961447,61.5107269,4.851673,3.03585052,0,139,405.000031,278,0,0,0,4096,75,4021,1.83105469,40,14115,2036,95.36595,27,55.2619171
12/11/2018 08:40:25,9.375,1.5625,3.125,3.125,4.296875,61.5625229,4.85575867,3.031765,0,139,405.000031,278,0,0,0,4096,75,4021,1.83105469,40,14115,2036,95.36595,27,55.2619171
12/11/2018 08:40:26,7.03125,5.46875,1.5625,0.78125,3.7109375,61.5853043,4.85755539,3.02996826,0,139,405.000031,278,0,0,0,4096,75,4021,1.83105469,40,14115,2036,95.36595,27,55.2619171
12/11/2018 08:40:27,6.25,3.90625,1.5625,3.90625,3.90625,61.67255,4.864437,3.02308655,0,139,405.000031,278,0,0,0,4096,75,4021,1.83105469,40,14115,2036,95.36595,27,55.2619171
12/11/2018 08:40:28,6.25,3.90625,3.125,2.34375,3.90625,61.8113556,4.87538528,3.01213837,0,139,405.000031,278,0,0,0,4096,75,4021,1.83105469,40,14115,2036,95.36595,27,55.2619171
12/11/2018 08:40:29,5.46875,0.78125,1.5625,5.46875,3.3203125,61.9292679,4.88468552,3.00283813,0,139,405.000031,278,0,0,0,4096,75,4021,1.83105469,40,14115,2036,95.36595,27,55.2619171
12/11/2018 08:40:30,4.6875,0.78125,0.78125,4.6875,2.734375,62.0819969,4.89673233,2.99079132,0,139,405.000031,278,0,0,0,4096,75,4021,1.83105469,40,14115,2036,95.36595,27,55.2619171
12/11/2018 08:40:31,5.46875,1.5625,2.34375,3.125,3.125,62.2398071,4.90917969,2.978344,0,139,405.000031,278,0,0,0,4096,75,4021,1.83105469,40,14115,2036,95.36595,27,55.2619171
12/11/2018 08:40:32,7.8125,3.90625,3.125,3.125,4.4921875,62.1929436,4.90548325,2.98204041,0,139,405.000031,278,0,0,0,4096,75,4021,1.83105469,40,14115,2036,95.36595,27,55.2619171
12/11/2018 08:40:33,7.8125,6.25,7.8125,10.15625,8.0078125,62.27589,4.91202545,2.9754982,0,139,405.000031,278,0,0,0,4096,75,4021,1.83105469,40,14115,2036,95.36595,27,55.2619171
12/11/2018 08:40:34,7.03125,4.6875,3.90625,3.90625,4.8828125,62.35361,4.91815567,2.969368,0,139,405.000031,278,0,0,0,4096,75,4021,1.83105469,40,14115,2036,95.36595,27,55.2619171
12/11/2018 08:42:57,7.03125,0.793647766,3.08893919,1.5625,3.11908722,49.19182,3.88001633,4.00750732,0,607.5,405.000031,1215,0,0,0,4096,75,4021,1.83105469,41,14118,2038,94.45375,29,55.2619667
12/11/2018 08:42:58,9.375,5.46875,6.25,3.94345522,6.25929832,49.15405,3.877037,4.0104866,0,607.5,405.000031,1215,0,0,0,4096,75,4021,1.83105469,41,14118,2038,94.45375,29,55.2619667
12/11/2018 08:42:59,1.5625,0.793647766,0,0.78125,0.784349442,49.1177254,3.87417221,4.01335144,0,607.5,405.000031,1215,0,0,0,4096,75,4021,1.83105469,41,14118,2038,94.45375,29,55.2619667
12/11/2018 08:43:00,16.40625,10.84249,21.09375,16.46825,16.2026882,48.97515,3.86292648,4.024597,0,607.5,405.000031,1215,0,0,0,4096,75,4021,1.83105469,41,14118,2038,94.45375,29,55.2619667
12/11/2018 08:43:01,6.25,2.34375,3.88221145,5.384612,4.465145,48.8891068,3.85614014,4.03138351,0,607.5,405.000031,1215,0,0,0,4096,75,4021,1.83105469,41,14118,2038,94.45375,29,55.2619667
12/11/2018 08:43:02,25.78125,11.6586571,16.40625,42.1875,24.0084171,48.8216438,3.85081863,4.036705,0,607.5,405.000031,1215,0,0,0,4096,75,4021,1.83105469,41,14118,2038,94.45375,29,55.2619667
12/11/2018 08:43:03,30.46875,14.1493082,11.71875,26.661705,20.7496281,49.14597,3.8764,4.01112366,0,607.5,405.000031,1215,0,0,0,4096,75,4021,1.83105469,41,14118,2038,94.45375,29,55.2619667
12/11/2018 08:43:04,39.84375,14.80769,21.09375,40.4927864,29.0595,51.8783722,4.091919,3.79560471,0,607.5,405.000031,1215,0,0,0,4096,75,4021,1.83105469,41,14118,2038,94.45375,29,55.2619667
12/11/2018 08:43:05,52.34375,12.562,7.03125,10.15625,20.52331,53.46185,4.216816,3.6707077,0,607.5,405.000031,1215,0,0,0,4096,75,4021,1.83105469,41,14118,2038,94.45375,29,55.2619667
12/11/2018 08:43:06,48.4375,14.8197117,6.25,2.38095522,17.97204,52.54178,4.144245,3.7432785,41,607.5,405.000031,1215,0,0,0,4096,75,4021,1.83105469,41,14118,2038,94.45375,29,55.2619667
12/11/2018 08:43:07,10.9375,17.1875,10.15625,2.35652924,10.1594448,51.02248,4.02441025,3.8631134,0,607.5,405.000031,1215,0,0,0,4096,75,4021,1.83105469,41,14118,2038,94.45375,29,55.2619667
12/11/2018 08:43:08,34.375,3.125,0.78125,3.1129837,10.3485584,50.3398743,3.97056961,3.916954,0,607.5,405.000031,1215,0,0,0,4096,75,4021,1.83105469,41,14118,2038,94.45375,29,55.2619667
12/11/2018 08:43:09,16.40625,2.39415169,6.25,6.25,7.82510042,49.374054,3.89439,3.99313354,0,607.5,405.000031,1215,0,0,0,4096,75,4021,1.83105469,41,14118,2038,94.45375,29,55.2619667
12/11/2018 08:43:10,4.6875,3.03030014,2.41935253,2.38095522,3.129524,49.4221268,3.898182,3.98934174,0,607.5,405.000031,1215,0,0,0,4096,75,4021,1.83105469,41,14118,2038,94.45375,29,55.2619667
12/11/2018 08:43:11,9.375,5.4567337,0.757575035,3.8461566,4.85886955,49.41913,3.8979454,3.98957825,0,607.5,405.000031,1215,0,0,0,4096,75,4021,1.83105469,41,14118,2038,94.45375,29,55.2619667
12/11/2018 08:43:12,3.125,3.13739777,0.793647766,3.174603,2.55765915,49.40694,3.896984,3.99053955,0,607.5,405.000031,1215,0,0,0,4096,75,4021,1.83105469,41,14118,2038,94.45375,29,55.2619667
12/11/2018 08:43:13,2.34375,3.150183,0.78125,0.78125,1.76410675,49.38895,3.895565,3.99195862,0,607.5,405.000031,1215,0,0,0,4096,75,4021,1.83105469,41,14118,2038,94.45375,29,55.2619667
12/11/2018 08:43:14,3.125,3.90625,1.57489777,2.38095522,2.74677277,49.3846474,3.89522552,3.99229813,0,607.5,405.000031,1215,0,0,0,4096,75,4021,1.83105469,41,14118,2038,94.45375,29,55.2619667
12/11/2018 08:43:15,2.34375,2.30768919,0,1.5504837,1.5504837,49.2625275,3.88559341,4.00193,0,607.5,405.000031,1215,0,0,0,4096,75,4021,1.83105469,41,14118,2038,94.45375,29,55.2619667
